seedling_id,sample_id,seed_weight_g,seed_notes,husk_number,seed_number
63,A10-9,0.0105,NA,NA,NA
82,A12-4,0.045,NA,NA,NA
91,A13-1,0.0784,NA,NA,NA
92,A13-2,0.1067,NA,NA,NA
93,A13-3,0.1019,NA,NA,NA
94,A14-1,0.3511,NA,NA,NA
95,A14-2,0.2273,NA,NA,NA
96,A14-3,0.2537,NA,NA,NA
97,A15-1,0.5059,NA,NA,NA
98,A15-2,0.6324,NA,NA,NA
99,A15-3,0.6722,NA,NA,NA
100,A16-1,0.0565,NA,NA,NA
101,A16-2,0.0462,NA,NA,NA
102,A16-3,0.0534,NA,NA,NA
103,A16-4,0.0316,NA,NA,NA
104,A16-5,0.0385,NA,NA,NA
105,A16-6,0.0491,NA,NA,NA
106,A17-1,0.1782,NA,NA,NA
108,A17-3,0.1737,NA,NA,NA
109,A17-4,0.1616,NA,NA,NA
110,A17-5,0.146,NA,NA,NA
111,A17-6,0.0429,NA,NA,NA
112,A18-1,0.2277,NA,NA,NA
113,A18-2,0.1752,NA,NA,NA
114,A18-3,0.1332,NA,NA,NA
115,A18-4,0.2961,NA,NA,NA
116,A18-5,0.4022,NA,NA,NA
117,A18-6,0.1844,NA,NA,NA
118,A19-1,0.0588,NA,NA,NA
119,A19-2,0.0158,NA,NA,NA
120,A19-3,0.0361,NA,NA,NA
121,A19-4,0.0461,NA,NA,NA
122,A19-5,0.0363,NA,NA,NA
3604,A19-10,0.0209,NA,NA,NA
123,A19-6,0.0581,NA,NA,NA
124,A19-7,0.043,NA,NA,NA
125,A19-8,0.0365,NA,NA,NA
126,A19-9,0.0318,NA,NA,NA
127,A20-1,0.1401,NA,NA,NA
128,A20-2,0.1716,NA,NA,NA
129,A20-3,0.1087,NA,NA,NA
130,A20-4,0.1158,NA,NA,NA
131,A20-5,0.0932,NA,NA,NA
132,A20-6,0.0703,NA,NA,NA
133,A20-7,0.0694,NA,NA,NA
134,A20-8,0.1643,NA,NA,NA
135,A20-9,0.1398,NA,NA,NA
136,A21-1,0.2611,NA,NA,NA
137,A21-2,0.2307,NA,NA,NA
138,A21-3,0.2107,NA,NA,NA
139,A21-4,0.1184,NA,NA,NA
140,A21-5,0.1575,NA,NA,NA
141,A21-6,0.2614,NA,NA,NA
142,A21-7,0.186,NA,NA,NA
143,A21-8,0.1963,NA,NA,NA
144,A21-9,0.323,NA,NA,NA
145,A22-1,0.0396,NA,NA,NA
146,A22-2,0.044,NA,NA,NA
147,A22-3,0.0192,NA,NA,NA
148,A22-4,0.0217,NA,NA,NA
149,A22-5,0.0421,NA,NA,NA
150,A22-6,0.0529,NA,NA,NA
151,A22-7,0.0101,NA,NA,NA
152,A22-8,0.032,NA,NA,NA
153,A22-9,0.0411,NA,NA,NA
154,A22-10,0.0531,NA,NA,NA
155,A22-11,0.019,NA,NA,NA
156,A22-12,0.0396,NA,NA,NA
157,A23-1,0.098,NA,NA,NA
158,A23-2,0.1067,NA,NA,NA
159,A23-3,0.0979,NA,NA,NA
160,A23-4,0.1102,NA,NA,NA
161,A23-5,0.092,NA,NA,NA
162,A23-6,0.097,NA,NA,NA
163,A23-7,0.0858,NA,NA,NA
164,A23-8,0.0456,NA,NA,NA
165,A23-9,0.0598,NA,NA,NA
166,A23-10,0.1446,NA,NA,NA
167,A23-11,0.0909,NA,NA,NA
168,A23-12,0.145,NA,NA,NA
169,A24-1,0.1853,NA,NA,NA
170,A24-2,0.1337,NA,NA,NA
171,A24-3,0.1147,NA,NA,NA
172,A24-4,0.1699,NA,NA,NA
173,A24-5,0.1152,NA,NA,NA
174,A24-6,0.159,NA,NA,NA
175,A24-7,0.1284,NA,NA,NA
176,A24-8,0.148,NA,NA,NA
177,A24-9,0.2039,NA,NA,NA
178,A24-10,0.2187,NA,NA,NA
179,A24-11,0.142,NA,NA,NA
181,A25-1,0.0485,NA,NA,NA
182,A25-2,0.0939,NA,NA,NA
186,A25-6,0.0866,NA,NA,NA
188,A26-2,0.2326,NA,NA,NA
189,A26-3,0.235,NA,NA,NA
191,A26-5,0.2291,NA,NA,NA
194,A27-2,0.2741,NA,NA,NA
195,A27-3,0.3496,NA,NA,NA
3603,A27-7,0.2481,NA,NA,NA
197,A27-5,0.2857,NA,NA,NA
199,A28-1,0.0085,NA,NA,NA
200,A28-2,0.0474,NA,NA,NA
203,A28-5,0.0403,NA,NA,NA
204,A28-6,0.0446,NA,NA,NA
205,A28-7,0.0624,NA,NA,NA
206,A28-8,0.0505,NA,NA,NA
207,A28-9,0.0508,NA,NA,NA
209,A29-2,0.1401,NA,NA,NA
210,A29-3,0.0903,NA,NA,NA
211,A29-4,0.0869,NA,NA,NA
213,A29-6,0.1655,NA,NA,NA
214,A29-7,0.1416,NA,NA,NA
216,A29-9,0.1526,NA,NA,NA
217,A30-1,0.2609,NA,NA,NA
218,A30-2,0.2851,NA,NA,NA
221,A30-5,0.1975,NA,NA,NA
222,A30-6,0.2338,NA,NA,NA
223,A30-7,0.2185,NA,NA,NA
225,A30-9,0.279,NA,NA,NA
227,A31-2,0.0324,NA,NA,NA
228,A31-3,0.0346,NA,NA,NA
229,A31-4,0.0475,NA,NA,NA
230,A31-5,0.0301,NA,NA,NA
232,A31-7,0.0305,NA,NA,NA
233,A31-8,0.0452,NA,NA,NA
235,A31-10,0.0406,NA,NA,NA
237,A31-12,0.0267,NA,NA,NA
239,A32-2,0.1266,NA,NA,NA
240,A32-3,0.0888,NA,NA,NA
241,A32-4,0.0978,NA,NA,NA
242,A32-5,0.0884,NA,NA,NA
243,A32-6,0.0782,NA,NA,NA
244,A32-7,0.1345,NA,NA,NA
245,A32-8,0.1595,NA,NA,NA
247,A32-10,0.097,NA,NA,NA
249,A32-12,0.0968,NA,NA,NA
252,A33-3,0.0209,NA,NA,NA
253,A33-4,0.1205,NA,NA,NA
254,A33-5,0.1864,NA,NA,NA
255,A33-6,0.6996,NA,NA,NA
256,A33-7,0.1688,NA,NA,NA
257,A33-8,0.104,NA,NA,NA
258,A33-9,0.2013,NA,NA,NA
259,A33-10,0.2008,NA,NA,NA
260,A33-11,0.1435,NA,NA,NA
264,A34-3,0.0526,NA,NA,NA
269,A34-8,0.0604,NA,NA,NA
271,A35-1,0.1693,NA,NA,NA
273,A35-3,0.1516,NA,NA,NA
276,A35-6,0.1077,NA,NA,NA
280,A36-1,0.2484,NA,NA,NA
283,A36-4,0.3793,NA,NA,NA
287,A36-8,0.4701,NA,NA,NA
290,A37-2,0.0445,NA,NA,NA
292,A37-4,0.0356,NA,NA,NA
294,A37-6,0.0515,NA,NA,NA
296,A37-8,0.0286,NA,NA,NA
297,A37-9,0.0663,NA,NA,NA
299,A37-11,0.0526,NA,NA,NA
303,A38-3,0.1201,NA,NA,NA
306,A38-6,0.0947,NA,NA,NA
307,A38-7,0.1327,NA,NA,NA
308,A38-8,0.1123,NA,NA,NA
310,A38-10,0.1225,NA,NA,NA
311,A38-11,0.1185,NA,NA,NA
312,A38-12,0.0444,NA,NA,NA
313,A39-1,0.1715,NA,NA,NA
314,A39-2,0.264,NA,NA,NA
317,A39-5,0.2375,NA,NA,NA
321,A39-9,0.2759,NA,NA,NA
322,A39-10,0.284,NA,NA,NA
323,A39-11,0.3619,NA,NA,NA
331,A40-7,0.0544,NA,NA,NA
332,A40-8,0.0656,NA,NA,NA
334,A40-10,0.0135,NA,NA,NA
335,A40-11,0.0628,NA,NA,NA
336,A40-12,0.0098,NA,NA,NA
338,A41-2,0.1582,NA,NA,NA
340,A41-4,0.1226,NA,NA,NA
347,A41-11,0.2077,NA,NA,NA
349,A42-1,0.0586,NA,NA,NA
350,A42-2,0.2869,NA,NA,NA
352,A42-4,0.2107,NA,NA,NA
361,A43-1,0.0188,NA,2,2
362,A43-2,0.0083,NA,14,4
363,A43-3,0.0083,NA,8,2
364,A44-1,0.0592,NA,32,13
365,A44-2,0.076,NA,24,11
366,A44-3,0.0322,NA,18,3
367,A45-1,0.1689,NA,16,16
368,A45-2,0.0094,NA,30,4
369,A45-3,0.062,NA,58,14
370,A46-1,0.007,NA,4,1
371,A46-2,0.009,NA,6,2
372,A46-3,NA,NA,2,NA
373,A46-4,NA,NA,4,NA
374,A46-5,0.013,NA,4,2
375,A46-6,0.0211,NA,6,4
376,A47-1,0.0167,NA,12,3
377,A47-2,0.0165,NA,12,1
378,A47-3,0.1489,NA,16,14
379,A47-4,0.1137,NA,10,10
380,A47-5,0.0997,NA,10,10
381,A47-6,0.0177,NA,16,3
382,A48-1,0.0175,NA,18,3
383,A48-2,0.0168,NA,14,3
384,A48-3,0.0198,NA,28,1
385,A48-4,0.0884,NA,20,12
386,A48-5,0.0355,NA,24,3
387,A48-6,NA,NA,16,NA
388,A49-1,0.0094,NA,NA,2
389,A49-2,NA,NA,4,NA
390,A49-3,NA,NA,2,NA
391,A49-4,0.0141,NA,4,1
392,A49-5,0.0118,NA,4,2
393,A49-6,0.0028,NA,4,2
394,A49-7,0.0106,NA,4,2
395,A49-8,NA,NA,2,NA
396,A49-9,0.0109,NA,6,3
397,A50-1,0.0264,NA,14,7
398,A50-2,0.063,NA,8,7
399,A50-3,0.0206,NA,6,2
400,A50-4,0.0421,NA,8,7
401,A50-5,0.0095,NA,6,2
402,A50-6,0.0361,NA,12,6
403,A50-7,0.0719,NA,8,6
404,A50-8,0.0639,NA,8,6
405,A50-9,0.0076,NA,8,1
406,A51-1,NA,NA,12,NA
407,A51-2,0.0063,NA,8,1
408,A51-3,0.0325,NA,22,8
409,A51-4,0.025,NA,22,8
410,A51-5,0.0173,NA,14,5
411,A51-6,0.0202,NA,10,1
412,A51-7,0.019,NA,8,1
413,A51-8,0.0196,NA,12,1
414,A51-9,0.0616,NA,18,8
415,A52-1,0.0109,NA,2,2
417,A52-3,0.007,NA,2,1
418,A52-4,NA,NA,2,NA
419,A52-5,0.0128,NA,2,1
420,A52-6,0.0058,NA,4,1
421,A52-7,0.0065,NA,4,1
422,A52-8,NA,NA,2,NA
423,A52-9,0.0179,NA,4,3
424,A52-10,0.0066,NA,4,1
425,A52-11,0.0248,NA,4,3
426,A52-12,0.0058,NA,4,1
427,A53-1,NA,NA,6,NA
428,A53-2,NA,NA,6,NA
429,A53-3,0.0082,NA,6,1
430,A53-4,NA,NA,6,NA
431,A53-5,NA,NA,8,NA
432,A53-6,NA,NA,6,NA
433,A53-7,0.0074,NA,4,1
434,A53-8,0.0034,NA,NA,1
435,A53-9,NA,NA,6,NA
436,A53-10,0.048,NA,8,2
437,A53-11,0.0149,NA,12,3
438,A53-12,NA,NA,6,NA
439,A54-1,NA,NA,6,NA
440,A54-2,0.0209,NA,12,4
441,A54-3,NA,NA,6,NA
442,A54-4,0.0205,NA,16,6
443,A54-5,NA,NA,8,NA
444,A54-6,NA,NA,8,NA
445,A54-7,NA,NA,14,NA
446,A54-8,NA,NA,4,NA
447,A54-9,0.0423,NA,10,4
448,A54-10,0.0356,NA,24,11
449,A54-11,NA,NA,8,NA
450,A54-12,NA,NA,9,NA
452,A55-2,0.0049,NA,6,1
453,A55-3,NA,NA,10,NA
458,A56-2,0.0166,NA,16,2
460,A56-4,NA,NA,16,NA
461,A56-5,0.0458,NA,12,6
463,A57-1,0.1841,NA,22,14
464,A57-2,0.1377,NA,34,12
468,A57-6,0.0895,NA,34,8
469,A58-1,0.0049,NA,4,1
472,A58-4,0.0186,NA,8,2
474,A58-6,0.0042,NA,4,2
475,A58-7,0.0145,NA,4,3
476,A58-8,0.009,NA,8,3
477,A58-9,0.0064,NA,6,2
478,A59-1,0.0939,NA,8,9
479,A59-2,0.021,NA,10,3
480,A59-3,0.0168,NA,8,2
481,A59-4,0.0109,NA,18,3
482,A59-5,0.0125,NA,8,2
484,A59-7,0.0084,NA,10,2
487,A60-1,0.0678,NA,20,9
488,A60-2,0.0733,NA,28,13
490,A60-4,NA,NA,20,NA
492,A60-6,0.0071,NA,14,1
493,A60-7,0.0165,NA,14,2
494,A60-8,NA,NA,4,NA
496,A61-1,0.0062,NA,6,1
497,A61-2,NA,NA,4,NA
499,A61-4,NA,NA,4,NA
500,A61-5,0.0092,NA,4,2
501,A61-6,0.0147,NA,NA,NA
502,A61-7,NA,NA,2,NA
503,A61-8,0.005,NA,4,1
504,A61-9,NA,NA,2,NA
507,A61-12,0.0066,NA,2,1
508,A62-1,NA,NA,4,NA
509,A62-2,0.0169,NA,6,1
510,A62-3,0.0093,NA,6,2
512,A62-5,0.0089,NA,8,2
514,A62-7,0.0194,NA,6,1
515,A62-8,0.0429,NA,6,6
517,A62-10,0.0036,NA,10,2
518,A62-11,NA,NA,8,NA
519,A62-12,0.0156,NA,8,1
520,A63-1,0.0023,NA,16,1
521,A63-2,0.0018,NA,12,1
522,A63-3,0.0073,NA,16,1
523,A63-4,0.0166,NA,12,1
526,A63-7,0.0193,NA,12,1
527,A63-8,0.0409,NA,NA,NA
528,A63-9,NA,NA,8,NA
529,A63-10,0.0099,NA,14,2
530,A63-11,NA,NA,10,NA
531,A63-12,0.0217,NA,14,6
532,A64-1,NA,NA,6,NA
536,A64-5,NA,NA,2,NA
540,A64-9,0.0064,NA,6,1
546,A65-6,0.0193,NA,16,5
548,A65-8,0.0076,NA,16,3
549,A65-9,0.0396,NA,23,12
556,A66-7,0.0071,NA,22,1
558,A66-9,0.0084,NA,32,2
561,A67-3,0.021,NA,6,4
562,A67-4,0.0067,NA,2,1
563,A67-5,NA,NA,4,NA
564,A67-6,0.0222,NA,6,4
565,A67-7,NA,NA,4,NA
566,A67-8,0.0247,NA,4,3
570,A67-12,0.0134,NA,NA,NA
575,A68-5,NA,NA,8,NA
576,A68-6,NA,NA,4,NA
577,A68-7,NA,NA,6,NA
578,A68-8,0.0161,NA,10,1
582,A68-12,0.0102,NA,12,3
583,A69-1,0.0266,NA,20,6
584,A69-2,0.0151,NA,18,1
587,A69-5,0.0058,NA,14,1
588,A69-6,NA,NA,12,NA
590,A69-8,NA,NA,10,NA
593,A69-11,0.0088,NA,16,3
596,A70-2,0.007,NA,NA,NA
598,A70-4,0.0048,NA,4,1
599,A70-5,NA,NA,4,NA
603,A70-9,NA,NA,4,NA
608,A71-2,0.0696,NA,NA,NA
609,A71-3,0.0108,NA,12,2
613,A71-7,0.0386,NA,6,4
614,A71-8,0.0148,NA,12,4
619,A72-1,0.0362,NA,18,5
628,A72-10,0.0571,NA,18,5
630,A72-12,0.0123,NA,18,2
634,A74-1,0.0164,NA,NA,NA
635,A74-2,0.0119,NA,NA,NA
636,A74-3,0.0188,NA,NA,NA
637,A75-1,0.0223,NA,NA,NA
638,A75-2,0.0289,NA,NA,NA
639,A75-3,0.0387,NA,NA,NA
647,A77-2,0.007,NA,NA,NA
648,A77-3,0.0078,NA,NA,NA
653,A78-2,0.0093,NA,NA,NA
654,A78-3,0.0143,NA,NA,NA
656,A78-5,0.0155,NA,NA,NA
657,A78-6,0.0331,NA,NA,NA
682,A81-7,0.0133,NA,NA,NA
684,A81-9,0.0119,NA,NA,NA
716,A84-8,0.009,NA,NA,NA
720,A84-12,0.0085,NA,NA,NA
734,A87-2,0.0165,NA,NA,NA
738,A87-6,0.0142,NA,NA,NA
763,A90-7,0.0091,NA,NA,NA
822,A96-3,0.0054,NA,NA,NA
874,A100-10,0.0133,NA,NA,NA
877,A101-1,0.0402,NA,NA,NA
890,A102-2,0.0648,NA,NA,NA
967,B11-1,0.0107,NA,NA,NA
975,B11-9,0.0301,NA,NA,NA
991,B13-1,0.1,NA,NA,NA
992,B13-2,0.1204,NA,NA,NA
993,B13-3,0.0809,NA,NA,NA
994,B14-1,0.3032,NA,NA,NA
995,B14-2,0.4237,NA,NA,NA
996,B14-3,0.2227,NA,NA,NA
997,B15-1,0.48,NA,NA,NA
998,B15-2,0.56,NA,NA,NA
999,B15-3,0.7167,NA,NA,NA
1006,B17-1,0.1668,NA,NA,NA
1007,B17-2,0.1767,NA,NA,NA
1008,B17-3,0.1469,NA,NA,NA
1009,B17-4,0.1337,NA,NA,NA
1010,B17-5,0.1713,NA,NA,NA
1011,B17-6,0.1692,NA,NA,NA
1012,B18-1,0.2783,NA,NA,NA
1013,B18-2,0.3794,NA,NA,NA
1014,B18-3,0.2438,NA,NA,NA
1015,B18-4,0.2196,NA,NA,NA
1016,B18-5,0.2749,NA,NA,NA
1017,B18-6,0.2925,NA,NA,NA
1018,B19-1,0.0165,NA,NA,NA
1019,B19-2,0.0551,NA,NA,NA
1020,B19-3,0.0144,NA,NA,NA
1021,B19-4,0.0301,NA,NA,NA
1022,B19-5,0.0496,NA,NA,NA
1024,B19-7,0.0491,Possibly B19-6,NA,NA
1025,B19-8,0.0162,NA,NA,NA
1026,B19-9,0.063,NA,NA,NA
1027,B20-1,0.1023,NA,NA,NA
1029,B20-3,0.1359,NA,NA,NA
1030,B20-4,0.0877,NA,NA,NA
1031,B20-5,0.0795,NA,NA,NA
1032,B20-6,0.1203,NA,NA,NA
1033,B20-7,0.0964,NA,NA,NA
1034,B20-8,0.1072,NA,NA,NA
1035,B20-9,0.1307,NA,NA,NA
1036,B21-1,0.2179,NA,NA,NA
1037,B21-2,0.2505,NA,NA,NA
1038,B21-3,0.2506,NA,NA,NA
1039,B21-4,0.2022,NA,NA,NA
1040,B21-5,0.1705,NA,NA,NA
1041,B21-6,0.1585,NA,NA,NA
1042,B21-7,0.2986,NA,NA,NA
1043,B21-8,0.1729,NA,NA,NA
1045,B22-1,0.0261,NA,NA,NA
1046,B22-2,0.0438,NA,NA,NA
1047,B22-3,0.0355,NA,NA,NA
1048,B22-4,0.0336,NA,NA,NA
1049,B22-5,0.0382,NA,NA,NA
1050,B22-6,0.0233,NA,NA,NA
1051,B22-7,0.0494,NA,NA,NA
1052,B22-8,0.043,NA,NA,NA
1053,B22-9,0.0234,NA,NA,NA
1054,B22-10,0.0378,NA,NA,NA
1055,B22-11,0.0511,NA,NA,NA
1056,B22-12,0.0046,NA,NA,NA
1057,B23-1,0.1015,NA,NA,NA
1058,B23-2,0.0657,NA,NA,NA
1059,B23-3,0.0887,NA,NA,NA
1060,B23-4,0.0914,NA,NA,NA
1061,B23-5,0.0916,NA,NA,NA
1062,B23-6,0.0192,NA,NA,NA
1063,B23-7,0.0933,NA,NA,NA
1064,B23-8,0.0636,NA,NA,NA
1065,B23-9,0.0674,NA,NA,NA
1066,B23-10,0.0958,NA,NA,NA
1067,B23-11,0.0833,NA,NA,NA
1068,B23-12,0.1358,NA,NA,NA
1069,B24-1,0.1484,NA,NA,NA
1070,B24-2,0.1365,NA,NA,NA
1071,B24-3,0.1924,NA,NA,NA
1072,B24-4,0.1216,NA,NA,NA
1073,B24-5,0.1226,NA,NA,NA
1074,B24-6,0.1282,NA,NA,NA
1075,B24-7,0.1545,NA,NA,NA
1076,B24-8,0.1173,NA,NA,NA
1077,B24-9,0.1327,NA,NA,NA
1078,B24-10,0.1391,NA,NA,NA
1079,B24-11,0.094,NA,NA,NA
1080,B24-12,0.0748,NA,NA,NA
1081,B25-1,0.0384,NA,NA,NA
1082,B25-2,0.036,NA,NA,NA
1085,B25-5,0.0712,NA,NA,NA
1087,B26-1,0.2196,NA,NA,NA
1088,B26-2,0.182,NA,NA,NA
1092,B26-6,0.2719,NA,NA,NA
1094,B27-2,0.4315,NA,NA,NA
1095,B27-3,0.3206,NA,NA,NA
1097,B27-5,0.3656,NA,NA,NA
1099,B28-1,0.0536,NA,NA,NA
1100,B28-2,0.0468,NA,NA,NA
1101,B28-3,0.0763,NA,NA,NA
1104,B28-6,0.0513,NA,NA,NA
1105,B28-7,0.0474,NA,NA,NA
1106,B28-8,0.07,NA,NA,NA
1108,B29-1,0.0995,NA,NA,NA
1109,B29-2,0.1153,NA,NA,NA
1111,B29-4,0.0994,NA,NA,NA
1114,B29-7,0.134,NA,NA,NA
1115,B29-8,0.1363,NA,NA,NA
1116,B29-9,0.1584,NA,NA,NA
1119,B30-3,0.15,NA,NA,NA
1120,B30-4,0.1544,NA,NA,NA
1123,B30-7,0.2023,NA,NA,NA
1124,B30-8,0.1872,NA,NA,NA
1125,B30-9,0.2582,NA,NA,NA
1126,B31-1,0.0324,NA,NA,NA
1129,B31-4,0.043,NA,NA,NA
1130,B31-5,0.0192,NA,NA,NA
1131,B31-6,0.0092,NA,NA,NA
1133,B31-8,0.0566,NA,NA,NA
1136,B31-11,0.0219,NA,NA,NA
1139,B32-2,0.0824,NA,NA,NA
1140,B32-3,0.0575,NA,NA,NA
1141,B32-4,0.0702,NA,NA,NA
1142,B32-5,0.0598,NA,NA,NA
1143,B32-6,0.09,NA,NA,NA
1146,B32-9,0.0728,NA,NA,NA
1147,B32-10,0.0991,NA,NA,NA
1148,B32-11,0.1345,NA,NA,NA
1149,B32-12,0.0463,NA,NA,NA
1152,B33-3,0.1885,NA,NA,NA
1153,B33-4,0.195,NA,NA,NA
1155,B33-6,0.0869,NA,NA,NA
1156,B33-7,0.1526,NA,NA,NA
1157,B33-8,0.1708,NA,NA,NA
1159,B33-10,0.2839,NA,NA,NA
1160,B33-11,0.1104,NA,NA,NA
1161,B33-12,0.2972,NA,NA,NA
1162,B34-1,0.0549,NA,NA,NA
1164,B34-3,0.0592,NA,NA,NA
1169,B34-8,0.038,NA,NA,NA
1174,B35-4,0.0937,NA,NA,9
1176,B35-6,0.0653,NA,NA,11
1179,B35-9,0.1842,NA,NA,16
1270,B46-1,NA,NA,4,NA
1271,B46-2,NA,NA,4,NA
1274,B46-5,NA,NA,6,NA
1185,B36-6,0.228,NA,NA,17
1188,B36-9,0.4595,NA,NA,35
1192,B37-4,0.0255,NA,NA,3
1193,B37-5,0.04,NA,NA,4
1195,B37-7,0.037,NA,NA,4
1197,B37-9,0.0263,NA,NA,3
1198,B37-10,0.0318,NA,NA,3
1199,B37-11,0.0409,NA,NA,2
1201,B38-1,0.1522,NA,NA,10
1205,B38-5,0.1016,NA,NA,9
1208,B38-8,0.1105,NA,NA,8
1211,B38-11,0.1435,NA,NA,12
1212,B38-12,0.1126,NA,NA,9
1214,B39-2,0.1791,NA,NA,15
1215,B39-3,0.1462,NA,NA,14
1220,B39-8,0.1508,NA,NA,17
1221,B39-9,0.1018,NA,NA,11
1222,B39-10,0.2296,NA,NA,20
1224,B39-12,0.2049,NA,NA,18
1230,B40-6,0.0421,NA,NA,NA
1231,B40-7,0.046,NA,NA,NA
1232,B40-8,0.0346,NA,NA,NA
1239,B41-3,0.131,NA,NA,NA
1247,B41-11,0.1553,NA,NA,NA
1248,B41-12,0.1357,NA,NA,NA
1251,B42-3,0.3797,NA,NA,NA
1254,B42-6,0.2178,NA,NA,NA
1259,B42-11,0.3461,NA,NA,NA
1261,B43-1,0.0498,NA,22,8
1262,B43-2,NA,NA,8,NA
1263,B43-3,0.0292,NA,16,5
1264,B44-1,NA,NA,22,NA
1265,B44-2,0.003,NA,14,1
1266,B44-3,0.2096,NA,22,17
1267,B45-1,0.0406,NA,32,1
1268,B45-2,0.0672,NA,50,12
1269,B45-3,0.4781,NA,74,34
1272,B46-3,0.0045,NA,4,1
1273,B46-4,0.0139,NA,10,2
1275,B46-6,0.0165,NA,4,2
1276,B47-1,NA,NA,12,NA
1277,B47-2,0.0541,NA,10,8
1278,B47-3,0.1291,NA,14,10
1279,B47-4,0.009,NA,6,2
1280,B47-5,0.0518,NA,14,4
1281,B47-6,NA,NA,14,NA
1282,B48-1,0.0055,NA,34,1
1283,B48-2,0.0165,NA,26,1
1284,B48-3,0.0207,NA,19,1
1285,B48-4,NA,NA,18,NA
1286,B48-5,NA,NA,26,0
1287,B48-6,0.0113,NA,NA,1
1288,B49-1,NA,NA,4,NA
1289,B49-2,NA,NA,4,NA
1290,B49-3,NA,NA,4,NA
1291,B49-4,NA,NA,4,NA
1292,B49-5,0.0036,NA,4,1
1293,B49-6,0.0073,NA,4,1
1294,B49-7,NA,NA,4,NA
1295,B49-8,NA,NA,2,NA
1296,B49-9,NA,NA,4,NA
1297,B50-1,0.0292,NA,12,3
1298,B50-2,NA,NA,8,NA
1299,B50-3,NA,NA,10,NA
1300,B50-4,0.008,NA,NA,1
1301,B50-5,0.0797,NA,8,8
1302,B50-6,0.0042,NA,14,1
1303,B50-7,0.0366,NA,8,3
1304,B50-8,NA,NA,6,NA
1305,B50-9,0.036,NA,12,4
1306,B51-1,NA,NA,19,NA
1307,B51-2,0.0237,NA,4,2
1308,B51-3,0.0677,NA,20,16
1309,B51-4,NA,NA,8,NA
1310,B51-5,NA,NA,20,NA
1311,B51-6,NA,NA,14,NA
1313,B51-8,NA,NA,18,NA
1314,B51-9,NA,NA,16,NA
1315,B52-1,NA,NA,4,NA
1316,B52-2,0.012,NA,2,1
1317,B52-3,NA,NA,2,NA
1318,B52-4,0.0114,NA,NA,1
1319,B52-5,NA,NA,2,NA
1320,B52-6,NA,NA,4,NA
1321,B52-7,NA,NA,2,NA
1322,B52-8,0.0088,NA,NA,1
1323,B52-9,NA,NA,4,NA
1324,B52-10,0.0034,NA,NA,1
1325,B52-11,NA,NA,4,NA
1326,B52-12,0.008,NA,NA,1
1327,B53-1,NA,NA,6,NA
1328,B53-2,0.0096,NA,8,1
1329,B53-3,0.015,NA,6,1
1330,B53-4,NA,NA,7,NA
1331,B53-5,NA,NA,6,NA
1332,B53-6,NA,NA,6,NA
1333,B53-7,NA,NA,8,8
1334,B53-8,NA,NA,4,NA
1335,B53-9,0.0066,NA,6,1
1336,B53-10,NA,NA,12,5
1337,B53-11,NA,NA,12,5
1338,B53-12,0.0088,NA,8,2
1339,B54-1,NA,NA,12,0
1340,B54-2,NA,NA,10,0
1341,B54-3,NA,NA,16,0
1343,B54-5,0.0528,NA,16,8
1344,B54-6,NA,NA,6,0
1345,B54-7,0.0238,NA,10,1
1346,B54-8,0.0264,NA,12,1
1347,B54-9,0.0621,NA,18,9
1348,B54-10,NA,NA,12,0
1349,B54-11,NA,NA,18,0
1350,B54-12,NA,NA,10,0
1351,B55-1,0.0323,NA,10,4
1355,B55-5,NA,NA,4,0
1356,B55-6,NA,NA,4,0
1357,B56-1,NA,NA,8,NA
1358,B56-2,0.054,NA,NA,NA
1360,B56-4,NA,NA,13,4
1362,B56-6,0.0238,NA,38,4
1363,B57-1,0.0228,NA,14,1
1365,B57-3,0.2508,NA,64,21
1367,B57-5,0.0464,NA,28,1
1370,B58-2,NA,NA,6,NA
1372,B58-4,0.0317,NA,6,4
1373,B58-5,0.0082,NA,4,1
1375,B58-7,NA,NA,4,NA
1376,B58-8,NA,NA,4,1
1377,B58-9,NA,NA,4,NA
1378,B59-1,0.016,NA,8,1
1380,B59-3,0.0178,NA,12,1
1381,B59-4,NA,NA,8,0
1382,B59-5,0.0289,NA,22,6
1383,B59-6,0.034,NA,14,5
1384,B59-7,NA,NA,16,0
1388,B60-2,NA,NA,12,0
1389,B60-3,0.0358,NA,16,1
1391,B60-5,0.0232,NA,14,1
1392,B60-6,NA,NA,10,0
1394,B60-8,NA,NA,12,0
1395,B60-9,NA,NA,20,0
1396,B61-1,0.0075,NA,4,1
1397,B61-2,NA,NA,4,0
1399,B61-4,NA,NA,4,0
1400,B61-5,NA,NA,2,0
1402,B61-7,NA,NA,4,0
1403,B61-8,0.0198,NA,4,1
1405,B61-10,0.0105,NA,10,2
1406,B61-11,0.0135,NA,10,3
1407,B61-12,NA,NA,2,0
1410,B62-3,0.0109,NA,6,1
1411,B62-4,NA,NA,10,3
1412,B62-5,NA,NA,10,2
1414,B62-7,0.0314,NA,NA,3
1415,B62-8,NA,NA,14,4
1416,B62-9,NA,NA,4,NA
1417,B62-10,NA,NA,16,4
1418,B62-11,0.0048,NA,10,1
1419,B62-12,NA,NA,10,NA
1420,B63-1,NA,NA,10,NA
1421,B63-2,0.005,NA,12,1
1422,B63-3,0.0145,NA,8,3
1423,B63-4,0.0282,NA,14,5
1424,B63-5,0.027,NA,14,3
1425,B63-6,0.0239,NA,12,2
1426,B63-7,NA,NA,14,NA
1427,B63-8,NA,NA,12,NA
1429,B63-10,0.0325,NA,14,5
1431,B63-12,0.0145,NA,NA,3
1432,B64-1,NA,NA,4,NA
1436,B64-5,NA,NA,6,NA
1440,B64-9,NA,NA,6,NA
1442,B65-2,NA,NA,14,3
1446,B65-6,NA,NA,8,NA
1449,B65-9,0.0461,NA,24,1
1453,B66-4,0.016,NA,12,2
1454,B66-5,0.0082,NA,26,2
1456,B66-7,0.0182,NA,24,4
1459,B67-1,0.077,NA,6,1
1460,B67-2,NA,NA,4,NA
1461,B67-3,NA,NA,2,NA
1462,B67-4,NA,NA,4,NA
1464,B67-6,0.0066,NA,4,1
1466,B67-8,NA,NA,2,NA
1468,B67-10,0.0084,NA,NA,NA
1474,B68-4,NA,NA,8,NA
1475,B68-5,0.004,NA,6,1
1476,B68-6,0.0513,NA,8,4
1477,B68-7,NA,NA,6,NA
1481,B68-11,0.0047,NA,13,1
1482,B68-12,NA,NA,12,NA
1483,B69-1,0.0064,NA,10,2
1484,B69-2,0.0158,NA,16,2
1490,B69-8,NA,NA,14,NA
1491,B69-9,0.08,NA,12,6
1492,B69-10,NA,NA,20,NA
1496,B70-2,0.0068,NA,4,1
1499,B70-5,0.0103,NA,NA,NA
1504,B70-10,0.0031,NA,6,1
1511,B71-5,0.0094,NA,12,2
1514,B71-8,0.0097,NA,8,2
1515,B71-9,0.0179,NA,24,3
1520,B72-2,0.0219,NA,NA,2
1521,B72-3,NA,NA,18,NA
1524,B72-6,NA,NA,14,NA
1534,B74-1,0.0116,NA,NA,NA
1535,B74-2,0.0141,NA,NA,NA
1536,B74-3,0.0159,NA,NA,NA
1537,B75-1,0.037,NA,NA,NA
1539,B75-3,0.0372,NA,NA,NA
1547,B77-2,0.0061,NA,NA,NA
1553,B78-2,0.0153,NA,NA,NA
1554,B78-3,0.0153,NA,NA,NA
1555,B78-4,0.0155,NA,NA,NA
1556,B78-5,0.0189,NA,NA,NA
1557,B78-6,0.0168,NA,NA,NA
1578,B81-3,0.0102,NA,NA,NA
1579,B81-4,0.0131,NA,NA,NA
1582,B81-7,0.0126,NA,NA,NA
1584,B81-9,0.0123,NA,NA,NA
1609,B84-1,0.0142,NA,NA,NA
1619,B84-11,0.0119,NA,NA,NA
1620,B84-12,0.0173,NA,NA,NA
1634,B87-2,0.0145,NA,NA,NA
1635,B87-3,0.0071,NA,NA,NA
1665,B90-9,0.0058,NA,NA,NA
1728,B96-9,0.0036,NA,NA,NA
1765,B100-1,0.008,NA,NA,NA
1786,B101-10,0.0361,NA,NA,NA
1861,C10-7,0.0148,NA,NA,NA
1892,C13-2,0.1094,NA,NA,NA
1893,C13-3,0.1092,NA,NA,NA
1894,C14-1,0.2936,NA,NA,NA
1895,C14-2,0.2844,NA,NA,NA
1896,C14-3,0.2163,NA,NA,NA
1897,C15-1,0.504,NA,NA,NA
1898,C15-2,0.6855,NA,NA,NA
1899,C15-3,0.6418,NA,NA,NA
1900,C16-1,0.0391,NA,NA,NA
1901,C16-2,0.0732,NA,NA,NA
1902,C16-3,0.0694,NA,NA,NA
1903,C16-4,0.0551,NA,NA,NA
1904,C16-5,0.0404,NA,NA,NA
1905,C16-6,0.0443,NA,NA,NA
1906,C17-1,0.2064,NA,NA,NA
1907,C17-2,0.2087,NA,NA,NA
1908,C17-3,0.1085,NA,NA,NA
1909,C17-4,0.1477,NA,NA,NA
1910,C17-5,0.1116,NA,NA,NA
1911,C17-6,0.1559,NA,NA,NA
1912,C18-1,0.1953,NA,NA,NA
1913,C18-2,0.189,NA,NA,NA
1914,C18-3,0.287,NA,NA,NA
1915,C18-4,0.1501,NA,NA,NA
1916,C18-5,0.0246,NA,NA,NA
1917,C18-6,0.2694,NA,NA,NA
1918,C19-1,0.0296,NA,NA,NA
1919,C19-2,0.0195,NA,NA,NA
1920,C19-3,0.0391,NA,NA,NA
1921,C19-4,0.0466,NA,NA,NA
1922,C19-5,0.0605,NA,NA,NA
1923,C19-6,0.0361,NA,NA,NA
1925,C19-8,0.0664,NA,NA,NA
1926,C19-9,0.0134,NA,NA,NA
1927,C20-1,0.1259,NA,NA,NA
1928,C20-2,0.1042,NA,NA,NA
1929,C20-3,0.0452,NA,NA,NA
1930,C20-4,0.0805,NA,NA,NA
1931,C20-5,0.0908,NA,NA,NA
1932,C20-6,0.0578,NA,NA,NA
1933,C20-7,0.1381,NA,NA,NA
1934,C20-8,0.0635,NA,NA,NA
1935,C20-9,0.1178,NA,NA,NA
1936,C21-1,0.1215,NA,NA,NA
1937,C21-2,0.2509,NA,NA,NA
1938,C21-3,0.1683,NA,NA,NA
1939,C21-4,0.1831,NA,NA,NA
1940,C21-5,0.1349,NA,NA,NA
1941,C21-6,0.0837,NA,NA,NA
1942,C21-7,0.1292,NA,NA,NA
1943,C21-8,0.1962,NA,NA,NA
1944,C21-9,0.0907,NA,NA,NA
1945,C22-1,0.0481,NA,NA,NA
1946,C22-2,0.0312,NA,NA,NA
1947,C22-3,0.0271,NA,NA,NA
1948,C22-4,0.0378,NA,NA,NA
1949,C22-5,0.0338,NA,NA,NA
1950,C22-6,0.0367,NA,NA,NA
1951,C22-7,0.0142,NA,NA,NA
1952,C22-8,0.029,NA,NA,NA
1953,C22-9,0.0247,NA,NA,NA
1954,C22-10,0.0537,NA,NA,NA
1955,C22-11,0.0143,NA,NA,NA
1956,C22-12,0.0357,NA,NA,NA
1957,C23-1,0.0674,NA,NA,NA
1958,C23-2,0.0177,NA,NA,NA
1959,C23-3,0.0528,NA,NA,NA
1960,C23-4,0.0574,NA,NA,NA
1961,C23-5,0.0478,NA,NA,NA
1962,C23-6,0.0451,NA,NA,NA
1963,C23-7,0.0847,NA,NA,NA
1964,C23-8,0.0487,NA,NA,NA
1965,C23-9,0.0773,NA,NA,NA
1966,C23-10,0.0823,NA,NA,NA
1968,C23-12,0.1082,NA,NA,NA
1969,C24-1,0.107,NA,NA,NA
1970,C24-2,0.0828,NA,NA,NA
1971,C24-3,0.1544,NA,NA,NA
1972,C24-4,0.1002,NA,NA,NA
1973,C24-5,0.1363,NA,NA,NA
1974,C24-6,0.0926,NA,NA,NA
1975,C24-7,0.1741,NA,NA,NA
1976,C24-8,0.1626,NA,NA,NA
1977,C24-9,0.1956,NA,NA,NA
1978,C24-10,0.2163,NA,NA,NA
1979,C24-11,0.143,NA,NA,NA
1980,C24-12,0.2628,NA,NA,NA
1981,C25-1,0.0566,NA,NA,NA
1982,C25-2,0.0488,NA,NA,NA
1986,C25-6,0.2232,NA,NA,NA
1989,C26-3,0.1636,NA,NA,NA
1990,C26-4,0.2044,NA,NA,NA
1992,C26-6,0.1571,NA,NA,NA
1995,C27-3,0.1381,NA,NA,NA
1996,C27-4,0.3117,NA,NA,NA
1999,C28-1,0.0469,NA,NA,NA
2000,C28-2,0.0353,NA,NA,NA
2002,C28-4,0.0482,NA,NA,NA
2004,C28-6,0.0146,NA,NA,NA
2005,C28-7,0.0575,NA,NA,NA
2006,C28-8,0.0449,NA,NA,NA
2007,C28-9,0.0563,NA,NA,NA
2008,C29-1,0.1477,NA,NA,NA
2011,C29-4,0.1033,NA,NA,NA
2012,C29-5,0.1093,NA,NA,NA
2013,C29-6,0.11,NA,NA,NA
2015,C29-8,0.0889,NA,NA,NA
2017,C30-1,0.0316,NA,NA,NA
2019,C30-3,0.2453,NA,NA,NA
2021,C30-5,0.2244,NA,NA,NA
2023,C30-7,0.31,NA,NA,NA
2024,C30-8,0.2273,NA,NA,NA
2025,C30-9,0.058,NA,NA,NA
2026,C31-1,0.0458,NA,NA,NA
2027,C31-2,0.0314,NA,NA,NA
2030,C31-5,0.0218,NA,NA,NA
2031,C31-6,0.0158,NA,NA,NA
2032,C31-7,0.0163,NA,NA,NA
2033,C31-8,0.0288,NA,NA,NA
2034,C31-9,0.0281,NA,NA,NA
2036,C31-11,0.0237,NA,NA,NA
2037,C31-12,0.0326,NA,NA,NA
2040,C32-3,0.094,NA,NA,NA
2041,C32-4,0.0999,NA,NA,NA
2042,C32-5,0.1114,NA,NA,NA
2043,C32-6,0.1121,NA,NA,NA
2044,C32-7,0.0891,NA,NA,NA
2046,C32-9,0.1158,NA,NA,NA
2047,C32-10,0.1117,NA,NA,NA
2048,C32-11,0.1152,NA,NA,NA
2049,C32-12,0.025,NA,NA,NA
2050,C33-1,0.1517,NA,NA,NA
2051,C33-2,0.2172,NA,NA,NA
2052,C33-3,0.2408,NA,NA,NA
2053,C33-4,0.1756,NA,NA,NA
2054,C33-5,0.204,NA,NA,NA
2055,C33-6,0.0634,NA,NA,NA
2057,C33-8,0.2779,NA,NA,NA
2058,C33-9,0.1192,NA,NA,NA
2059,C33-10,0.3377,NA,NA,NA
2060,C33-11,0.0703,NA,NA,NA
2066,C34-5,0.045,NA,NA,NA
2068,C34-7,0.0524,NA,NA,NA
2069,C34-8,0.036,NA,NA,NA
2073,C35-3,0.1824,NA,NA,NA
2076,C35-6,0.3102,NA,NA,NA
2080,C36-1,0.4955,NA,NA,NA
2081,C36-2,0.0785,NA,NA,NA
2087,C36-8,0.0604,NA,NA,NA
2089,C37-1,0.0167,NA,NA,NA
2090,C37-2,0.032,NA,NA,NA
2092,C37-4,0.0538,NA,NA,NA
2098,C37-10,0.106,NA,NA,NA
2100,C37-12,0.0542,NA,NA,NA
2102,C38-2,0.1382,NA,NA,NA
2108,C38-8,0.0471,NA,NA,NA
2110,C38-10,0.1402,NA,NA,NA
2111,C38-11,0.149,NA,NA,NA
2112,C38-12,0.1664,NA,NA,NA
2113,C39-1,0.2962,NA,NA,NA
2114,C39-2,0.3499,NA,NA,NA
2118,C39-6,0.026,NA,NA,NA
2119,C39-7,0.3073,NA,NA,NA
2133,C40-9,0.0549,NA,NA,NA
2134,C40-10,0.0395,NA,NA,NA
2135,C40-11,0.0605,NA,NA,NA
2138,C41-2,0.1122,NA,NA,NA
2147,C41-11,0.241,NA,NA,NA
2148,C41-12,0.1783,NA,NA,NA
2149,C42-1,0.3152,NA,NA,NA
2153,C42-5,0.04256,NA,NA,NA
2156,C42-8,0.2601,NA,NA,NA
2161,C43-1,NA,NA,8,NA
2162,C43-2,NA,NA,4,NA
2163,C43-3,NA,NA,6,NA
2164,C44-1,NA,NA,18,NA
2165,C44-2,NA,NA,14,NA
2166,C44-3,NA,NA,18,NA
2167,C45-1,NA,NA,24,NA
2168,C45-2,NA,NA,34,NA
2170,C46-1,0.019,NA,2,1
2171,C46-2,0.0209,NA,8,4
2172,C46-3,0.0076,NA,NA,NA
2173,C46-4,0.011,NA,4,2
2174,C46-5,0.0028,NA,NA,NA
2175,C46-6,0.0122,NA,2,1
2176,C47-1,0.01,NA,6,3
2177,C47-2,NA,NA,16,0
2178,C47-3,0.0497,NA,6,3
2179,C47-4,0.0325,NA,14,1
2180,C47-5,0.13,NA,12,12
2181,C47-6,0.038,NA,18,3
2182,C48-1,0.0808,NA,20,10
2183,C48-2,0.1899,NA,30,15
2184,C48-3,0.081,NA,16,8
2185,C48-4,0.0902,NA,32,16
2186,C48-5,0.0879,NA,20,10
2187,C48-6,0.0269,NA,2,1
2188,C49-1,0.0175,NA,8,4
2189,C49-2,0.0041,NA,NA,NA
2190,C49-3,0.0071,NA,4,2
2191,C49-4,0.0244,NA,6,3
2192,C49-5,0.0167,NA,2,1
2193,C49-6,0.0026,NA,NA,NA
2194,C49-7,0.0091,NA,4,2
2195,C49-8,0.0043,NA,NA,NA
2196,C49-9,0.0296,NA,8,4
2197,C50-1,0.0078,NA,NA,NA
2198,C50-2,0.0297,NA,8,4
2199,C50-3,0.046,NA,14,7
2200,C50-4,0.056,NA,12,6
2201,C50-5,0.0195,NA,8,4
2202,C50-6,0.0338,NA,6,3
2203,C50-7,0.0138,NA,4,2
2204,C50-8,0.0991,NA,20,10
2205,C50-9,0.0159,NA,4,2
2206,C51-1,0.0494,NA,10,5
2207,C51-2,0.0291,NA,8,4
2208,C51-3,0.0595,NA,10,5
2209,C51-4,0.0641,NA,10,5
2210,C51-5,0.0163,NA,2,1
2211,C51-6,0.0311,NA,8,4
2212,C51-7,0.0417,NA,12,6
2213,C51-8,0.0162,NA,NA,NA
2214,C51-9,0.071,NA,8,4
2215,C52-1,0.0058,NA,2,1
2216,C52-2,0.004,NA,NA,NA
2217,C52-3,0.0036,NA,NA,NA
2218,C52-4,0.002,NA,NA,NA
2219,C52-5,0.0079,NA,2,1
2221,C52-7,0.0015,NA,NA,NA
2222,C52-8,0.0111,NA,4,2
2223,C52-9,0.0021,NA,NA,NA
2224,C52-10,0.0053,NA,2,1
2225,C52-11,0.0086,NA,4,2
2226,C52-12,0.0031,NA,NA,NA
2227,C53-1,0.0059,NA,NA,NA
2228,C53-2,0.0259,NA,6,3
2229,C53-3,0.0068,NA,NA,NA
2230,C53-4,0.0067,NA,NA,NA
2231,C53-5,0.0495,NA,12,6
2232,C53-6,0.0228,NA,4,2
2233,C53-7,0.0379,NA,12,6
2234,C53-8,0.0308,NA,12,6
2235,C53-9,0.0212,NA,8,4
2236,C53-10,0.0043,NA,NA,NA
2237,C53-11,0.0068,NA,NA,NA
2238,C53-12,0.0325,NA,6,3
2239,C54-1,0.0044,NA,NA,NA
2240,C54-2,0.0513,NA,10,5
2241,C54-3,0.0144,NA,2,1
2242,C54-4,0.0894,NA,18,9
2243,C54-5,0.0078,NA,NA,NA
2244,C54-6,0.0396,NA,8,4
2246,C54-8,0.0192,NA,NA,NA
2247,C54-9,0.0592,NA,20,10
2248,C54-10,0.0135,NA,NA,NA
2249,C54-11,0.0278,NA,4,2
2250,C54-12,0.0436,NA,12,6
2255,C55-5,0.0336,NA,12,6
2256,C55-6,0.0935,NA,12,6
2260,C56-4,0.0154,NA,6,3
2261,C56-5,0.0519,NA,16,8
2262,C56-6,0.0309,NA,4,2
2264,C57-2,0.0378,NA,8,4
2265,C57-3,0.0475,NA,12,6
2266,C57-4,0.0688,NA,14,7
2269,C58-1,0.0237,NA,6,3
2270,C58-2,0.0119,NA,4,2
2271,C58-3,0.0039,NA,NA,NA
2272,C58-4,0.0302,NA,8,4
2273,C58-5,0.0042,NA,NA,NA
2274,C58-6,0.0043,NA,NA,NA
2275,C58-7,0.0218,NA,8,4
2278,C59-1,0.0288,NA,8,4
2282,C59-5,0.017,NA,2,1
2283,C59-6,0.0171,NA,2,1
2284,C59-7,0.022,NA,10,5
2285,C59-8,0.0113,NA,NA,NA
2286,C59-9,0.0858,NA,14,7
2287,C60-1,0.0271,NA,6,3
2288,C60-2,0.1452,NA,22,11
2290,C60-4,0.0507,NA,8,4
2291,C60-5,0.0508,NA,12,6
2292,C60-6,0.0338,NA,6,3
2293,C60-7,0.0344,NA,6,3
2296,C61-1,0.0076,NA,4,2
2298,C61-3,0.0057,NA,2,1
2299,C61-4,0.003,NA,NA,NA
2301,C61-6,0.0033,NA,NA,NA
2302,C61-7,0.0028,NA,2,1
2303,C61-8,0.0062,NA,2,1
2304,C61-9,0.0014,NA,NA,NA
2305,C61-10,0.0075,NA,4,2
2307,C61-12,0.002,NA,NA,NA
2308,C62-1,0.0056,NA,NA,NA
2309,C62-2,0.0122,NA,NA,NA
2311,C62-4,0.002,NA,NA,NA
2312,C62-5,0.0111,NA,2,1
2313,C62-6,0.0099,NA,NA,NA
2314,C62-7,0.0103,NA,2,1
2316,C62-9,0.0089,NA,2,1
2317,C62-10,0.009,NA,2,1
2319,C62-12,0.0055,NA,NA,NA
2322,C63-3,0.0382,NA,4,2
2323,C63-4,0.0677,NA,8,4
2324,C63-5,0.0129,NA,2,1
2325,C63-6,0.0123,NA,2,1
2326,C63-7,0.0294,NA,6,3
2328,C63-9,0.0288,NA,2,1
2329,C63-10,0.0472,NA,8,4
2330,C63-11,0.0162,NA,2,1
2331,C63-12,0.0725,NA,26,13
2332,C64-1,0.0072,NA,NA,NA
2334,C64-3,0.0105,NA,2,1
2335,C64-4,0.0574,NA,22,11
2341,C65-1,0.0243,NA,4,2
2342,C65-2,0.0677,NA,8,4
2344,C65-4,0.061,NA,10,5
2355,C66-6,0.0438,NA,4,2
2356,C66-7,0.1334,NA,28,14
2357,C66-8,0.1467,NA,34,17
2359,C67-1,0.0125,NA,8,4
2362,C67-4,0.0101,NA,4,2
2365,C67-7,0.0117,NA,4,2
2368,C67-10,0.0224,NA,8,4
2369,C67-11,0.0175,NA,6,3
2370,C67-12,0.0065,NA,2,1
2371,C68-1,0.0065,NA,NA,NA
2376,C68-6,0.0247,NA,6,3
2377,C68-7,0.0415,NA,16,8
2378,C68-8,0.0216,NA,4,2
2379,C68-9,0.0079,NA,NA,NA
2382,C68-12,0.0112,NA,NA,NA
2387,C69-5,0.0252,NA,4,2
2388,C69-6,0.0339,NA,12,6
2389,C69-7,0.0381,NA,4,2
2390,C69-8,0.0799,NA,10,5
2393,C69-11,0.0411,NA,8,4
2394,C69-12,0.0926,NA,18,9
2396,C70-2,0.0194,NA,8,4
2397,C70-3,0.0126,NA,6,3
2404,C70-10,0.0039,NA,NA,NA
2408,C71-2,0.0124,NA,8,4
2409,C71-3,0.1317,NA,28,14
2413,C71-7,0.0843,NA,18,9
2423,C72-5,0.0725,NA,14,7
2428,C72-10,0.0631,NA,10,5
2429,C72-11,0.0722,NA,8,4
2434,C74-1,0.0189,NA,NA,NA
2435,C74-2,0.0181,NA,NA,NA
2436,C74-3,0.0151,NA,NA,NA
2437,C75-1,0.0451,NA,NA,NA
2438,C75-2,0.0394,NA,NA,NA
2439,C75-3,0.0286,NA,NA,NA
2446,C77-1,0.0098,NA,NA,NA
2449,C77-4,0.0057,NA,NA,NA
2451,C77-6,0.0116,NA,NA,NA
2452,C78-1,0.0376,NA,NA,NA
2453,C78-2,0.0122,NA,NA,NA
2454,C78-3,0.0395,NA,NA,NA
2455,C78-4,0.018,NA,NA,NA
2456,C78-5,0.0139,NA,NA,NA
2457,C78-6,0.0131,NA,NA,NA
2478,C81-3,0.0127,NA,NA,NA
2479,C81-4,0.0185,NA,NA,NA
2480,C81-5,0.0251,NA,NA,NA
2483,C81-8,0.0101,NA,NA,NA
2519,C84-11,0.0142,NA,NA,NA
2533,C87-1,0.0174,NA,NA,NA
2534,C87-2,0.0245,NA,NA,NA
2556,C89-9,0.1004,NA,NA,NA
2560,C90-4,0.0161,NA,NA,NA
2791,D13-1,0.0222,NA,NA,NA
2792,D13-2,0.0156,NA,NA,NA
2793,D13-3,0.0529,NA,NA,NA
2794,D14-1,0.1562,NA,NA,NA
2795,D14-2,0.1018,NA,NA,NA
2796,D14-3,0.3753,NA,NA,NA
2797,D15-1,0.3564,NA,NA,NA
2798,D15-2,0.1363,NA,NA,NA
2799,D15-3,0.0491,NA,NA,NA
2800,D16-1,0.0408,NA,NA,NA
2801,D16-2,0.0484,NA,NA,NA
2802,D16-3,0.0325,NA,NA,NA
2803,D16-4,0.0549,NA,NA,NA
2804,D16-5,0.0415,NA,NA,NA
2805,D16-6,0.0573,NA,NA,NA
2806,D17-1,0.058,NA,NA,NA
2807,D17-2,0.1673,NA,NA,NA
2808,D17-3,0.1715,NA,NA,NA
2809,D17-4,0.1265,NA,NA,NA
2810,D17-5,0.1495,NA,NA,NA
2811,D17-6,0.2493,NA,NA,NA
2812,D18-1,0.1681,NA,NA,NA
2813,D18-2,0.2792,NA,NA,NA
2814,D18-3,0.149,NA,NA,NA
2815,D18-4,0.1913,NA,NA,NA
2816,D18-5,0.0421,NA,NA,NA
2817,D18-6,0.2106,NA,NA,NA
2818,D19-1,0.0107,NA,NA,NA
2819,D19-2,0.0104,NA,NA,NA
2820,D19-3,0.0358,NA,NA,NA
2821,D19-4,0.0188,NA,NA,NA
2822,D19-5,0.0378,NA,NA,NA
2823,D19-6,0.0283,NA,NA,NA
2824,D19-7,0.0038,NA,NA,NA
2825,D19-8,0.0172,NA,NA,NA
2826,D19-9,0.0393,NA,NA,NA
2827,D20-1,0.0912,NA,NA,NA
2828,D20-2,0.122,NA,NA,NA
2829,D20-3,0.0777,NA,NA,NA
2830,D20-4,0.1052,NA,NA,NA
2831,D20-5,0.0461,NA,NA,NA
2833,D20-7,0.0762,NA,NA,NA
2834,D20-8,0.0938,NA,NA,NA
2835,D20-9,0.1925,NA,NA,NA
2836,D21-1,0.1061,NA,NA,NA
2837,D21-2,0.1409,NA,NA,NA
2838,D21-3,0.1063,NA,NA,NA
2839,D21-4,0.1461,NA,NA,NA
2840,D21-5,0.0619,NA,NA,NA
2841,D21-6,0.1137,NA,NA,NA
2842,D21-7,0.1379,NA,NA,NA
2843,D21-8,0.1625,NA,NA,NA
2844,D21-9,0.2492,NA,NA,NA
2845,D22-1,0.0203,NA,NA,NA
2846,D22-2,0.0403,NA,NA,NA
2847,D22-3,0.0231,NA,NA,NA
2848,D22-4,0.0267,NA,NA,NA
2849,D22-5,0.0401,NA,NA,NA
2850,D22-6,0.0182,NA,NA,NA
2851,D22-7,0.0292,NA,NA,NA
2852,D22-8,0.0346,NA,NA,NA
2853,D22-9,0.0644,NA,NA,NA
2854,D22-10,0.029,NA,NA,NA
2855,D22-11,0.0285,NA,NA,NA
2856,D22-12,0.0305,NA,NA,NA
2857,D23-1,0.0169,NA,NA,NA
2858,D23-2,0.1256,NA,NA,NA
2859,D23-3,0.0626,NA,NA,NA
2860,D23-4,0.0463,NA,NA,NA
2861,D23-5,0.114,NA,NA,NA
2862,D23-6,0.0267,NA,NA,NA
2863,D23-7,0.0582,NA,NA,NA
2864,D23-8,0.0466,NA,NA,NA
2865,D23-9,0.0222,NA,NA,NA
2866,D23-10,0.0447,NA,NA,NA
2867,D23-11,0.1095,NA,NA,NA
2868,D23-12,0.0292,NA,NA,NA
2869,D24-1,0.112,NA,NA,NA
2870,D24-2,0.243,NA,NA,NA
2871,D24-3,0.1511,NA,NA,NA
2872,D24-4,0.1714,NA,NA,NA
2873,D24-5,0.0965,NA,NA,NA
2874,D24-6,0.1362,NA,NA,NA
2875,D24-7,0.1634,NA,NA,NA
2876,D24-8,0.1688,NA,NA,NA
2877,D24-9,0.0713,NA,NA,NA
2878,D24-10,0.155,NA,NA,NA
2879,D24-11,0.1182,NA,NA,NA
3601,D24-13,0.1653,NA,NA,NA
2880,D24-12,0.1647,NA,NA,NA
2881,D25-1,0.0614,NA,NA,NA
2884,D25-4,0.0503,NA,NA,NA
2886,D25-6,0.0643,NA,NA,NA
2890,D26-4,0.2007,NA,NA,NA
2891,D26-5,0.1756,NA,NA,NA
2892,D26-6,0.1773,NA,NA,NA
2894,D27-2,0.2609,NA,NA,NA
2896,D27-4,0.2713,NA,NA,NA
2898,D27-6,0.0135,NA,NA,NA
2900,D28-2,0.0391,NA,NA,NA
2901,D28-3,0.0165,NA,NA,NA
2903,D28-5,0.0321,NA,NA,NA
2904,D28-6,0.0221,NA,NA,NA
2905,D28-7,0.0274,NA,NA,NA
2907,D28-9,0.0571,NA,NA,NA
2909,D29-2,0.087,NA,NA,NA
2912,D29-5,0.0398,NA,NA,NA
2913,D29-6,0.1254,NA,NA,NA
2914,D29-7,0.0383,NA,NA,NA
2916,D29-9,0.2011,NA,NA,NA
2919,D30-3,0.1738,NA,NA,NA
2920,D30-4,0.1085,NA,NA,NA
2922,D30-6,0.1802,NA,NA,NA
2923,D30-7,0.1373,NA,NA,NA
2924,D30-8,0.1711,NA,NA,NA
2926,D31-1,0.0345,NA,NA,NA
2929,D31-4,0.0374,NA,NA,NA
2930,D31-5,0.0264,NA,NA,NA
2931,D31-6,0.0593,NA,NA,NA
2932,D31-7,0.0454,NA,NA,NA
2934,D31-9,0.0514,NA,NA,NA
2936,D31-11,0.0334,NA,NA,NA
2937,D31-12,0.0121,NA,NA,NA
2938,D32-1,0.12,NA,NA,NA
2940,D32-3,0.0878,NA,NA,NA
2941,D32-4,0.1423,NA,NA,NA
2944,D32-7,0.0957,NA,NA,NA
2946,D32-9,0.0745,NA,NA,NA
2947,D32-10,0.1047,NA,NA,NA
2950,D33-1,0.2074,NA,NA,NA
2952,D33-3,0.1524,NA,NA,NA
2953,D33-4,0.1233,NA,NA,NA
2955,D33-6,0.0714,NA,NA,NA
2956,D33-7,0.1323,NA,NA,NA
2957,D33-8,0.1145,NA,NA,NA
2959,D33-10,0.1539,NA,NA,NA
2960,D33-11,0.0705,NA,NA,NA
2961,D33-12,0.0932,NA,NA,NA
2965,D34-4,0.0269,NA,NA,NA
2967,D34-6,0.0519,NA,NA,NA
2968,D34-7,0.0804,NA,NA,NA
2974,D35-4,0.1755,NA,NA,NA
2977,D35-7,0.0934,NA,NA,NA
2978,D35-8,0.166,NA,NA,NA
2982,D36-3,0.3242,NA,NA,NA
2984,D36-5,0.2545,NA,NA,NA
2988,D36-9,0.417,NA,NA,NA
2990,D37-2,0.0611,NA,NA,NA
2991,D37-3,0.0392,NA,NA,NA
2992,D37-4,0.023,NA,NA,NA
2993,D37-5,0.0196,NA,NA,NA
2994,D37-6,0.0946,NA,NA,NA
2995,D37-7,0.0526,NA,NA,NA
3004,D38-4,0.0794,NA,NA,NA
3005,D38-5,0.0967,NA,NA,NA
3006,D38-6,0.0966,NA,NA,NA
3007,D38-7,0.1019,NA,NA,NA
3010,D38-10,0.0883,NA,NA,NA
3012,D38-12,0.1812,NA,NA,NA
3014,D39-2,0.3053,NA,NA,NA
3018,D39-6,0.0836,NA,NA,NA
3019,D39-7,0.1537,NA,NA,NA
3020,D39-8,0.1698,NA,NA,NA
3021,D39-9,0.1249,NA,NA,NA
3024,D39-12,0.1999,NA,NA,NA
3031,D40-7,0.0459,NA,NA,NA
3034,D40-10,0.0369,NA,NA,NA
3035,D40-11,0.0285,NA,NA,NA
3038,D41-2,0.0136,NA,NA,1
3041,D41-5,0.016,NA,NA,NA
3042,D41-6,0.0933,NA,NA,NA
3048,D41-12,0.1525,NA,NA,NA
3050,D42-2,0.2648,NA,NA,NA
3055,D42-7,0.2309,NA,NA,NA
3058,D42-10,0.3208,NA,NA,NA
3061,D43-1,0.0229,NA,2,1
3062,D43-2,0.0524,NA,8,4
3063,D43-3,0.0275,NA,4,2
3064,D44-1,0.1212,NA,34,17
3065,D44-2,0.1331,NA,24,12
3066,D44-3,0.1577,NA,42,21
3067,D45-1,0.1328,NA,36,18
3068,D45-2,0.0658,NA,14,7
3069,D45-3,0.2098,NA,62,31
3070,D46-1,0.0294,NA,6,3
3072,D46-3,0.0279,NA,10,5
3074,D46-5,0.0222,NA,6,3
3075,D46-6,0.0183,NA,4,2
3076,D47-1,0.0434,NA,12,6
3077,D47-2,0.0733,NA,14,7
3078,D47-3,0.0256,NA,8,4
3079,D47-4,0.1131,NA,22,11
3080,D47-5,0.0987,NA,16,8
3081,D47-6,0.047,NA,8,4
3082,D48-1,0.1967,NA,34,17
3083,D48-2,0.0912,NA,18,9
3084,D48-3,0.1374,NA,18,9
3085,D48-4,0.0641,NA,14,7
3086,D48-5,0.0164,NA,32,16
3087,D48-6,0.0631,NA,14,7
3088,D49-1,0.0198,NA,2,1
3089,D49-2,0.0163,NA,6,3
3090,D49-3,0.0111,NA,4,2
3091,D49-4,0.009,NA,4,2
3092,D49-5,0.0075,NA,2,1
3093,D49-6,0.015,NA,6,3
3094,D49-7,0.0096,NA,4,2
3095,D49-8,0.0097,NA,4,2
3096,D49-9,0.0174,NA,4,2
3097,D50-1,0.0212,NA,8,4
3098,D50-2,0.0205,NA,4,2
3099,D50-3,0.0072,NA,4,2
3100,D50-4,0.0056,NA,4,2
3101,D50-5,0.0464,NA,12,6
3102,D50-6,0.0338,NA,12,6
3103,D50-7,0.0155,NA,6,3
3104,D50-8,0.0354,NA,8,4
3105,D50-9,0.0325,NA,8,4
3106,D51-1,0.1227,NA,28,14
3107,D51-2,0.0258,NA,10,5
3108,D51-3,0.0517,NA,10,5
3109,D51-4,0.0543,NA,8,4
3110,D51-5,0.1021,NA,26,13
3111,D51-6,0.0407,NA,6,3
3112,D51-7,0.0274,NA,8,4
3113,D51-8,0.0892,NA,16,8
3114,D51-9,0.0484,NA,8,4
3115,D52-1,0.0083,NA,4,2
3116,D52-2,0.0055,NA,2,1
3117,D52-3,0.0078,NA,2,1
3118,D52-4,0.0094,NA,4,2
3119,D52-5,0.01,NA,4,2
3120,D52-6,0.0018,NA,4,2
3121,D52-7,0.0033,NA,2,1
3122,D52-8,0.0064,NA,4,2
3123,D52-9,0.0093,NA,4,2
3124,D52-10,0.0077,NA,2,1
3125,D52-11,0,NA,2,0
3126,D52-12,0.0115,NA,6,3
3127,D53-1,0.0193,NA,2,1
3128,D53-2,0.0238,NA,6,3
3129,D53-3,0.0095,NA,NA,NA
3130,D53-4,0.0071,NA,NA,NA
3131,D53-5,0.0417,NA,12,6
3132,D53-6,0.0044,NA,NA,NA
3133,D53-7,0.0591,NA,16,8
3134,D53-8,0.0175,NA,10,5
3135,D53-9,0.0016,NA,NA,NA
3136,D53-10,0.0285,NA,10,5
3137,D53-11,0.0137,NA,6,3
3139,D54-1,0.0135,NA,4,2
3140,D54-2,0.0286,NA,10,5
3141,D54-3,0.0171,NA,4,2
3142,D54-4,0.1309,NA,6,3
3143,D54-5,0.132,NA,22,11
3144,D54-6,0.0178,NA,4,2
3145,D54-7,0.0098,NA,NA,NA
3146,D54-8,0.0396,NA,8,4
3147,D54-9,0.0145,NA,4,2
3148,D54-10,0.0423,NA,12,6
3149,D54-11,0.0728,NA,14,7
3150,D54-12,0.0888,NA,16,8
3151,D55-1,0.023,NA,8,4
3153,D55-3,0.0187,NA,8,4
3154,D55-4,0.0402,NA,12,6
3157,D56-1,0.0331,NA,16,5
3158,D56-2,0.081,NA,28,10
3161,D56-5,0.0998,NA,24,11
3165,D57-3,0.2539,NA,52,26
3166,D57-4,0.3504,NA,74,35
3167,D57-5,0.1115,NA,36,13
3169,D58-1,0.017,NA,4,2
3170,D58-2,0.0155,NA,6,3
3171,D58-3,0.0103,NA,4,2
3172,D58-4,0.0119,NA,4,2
3174,D58-6,0.0217,NA,4,2
3179,D59-2,0.0517,NA,6,3
3182,D59-5,0.0444,NA,12,6
3184,D59-7,0.0667,NA,12,6
3185,D59-8,0.0532,NA,10,5
3186,D59-9,0.0206,NA,6,3
3187,D60-1,0.2455,NA,44,22
3189,D60-3,0.0371,NA,14,3
3191,D60-5,0.0702,NA,24,9
3193,D60-7,0.0653,NA,26,8
3194,D60-8,0.0717,NA,14,7
3195,D60-9,0.083,NA,20,10
3196,D61-1,0.0097,NA,4,2
3197,D61-2,0.0075,NA,2,1
3198,D61-3,0.0099,NA,4,2
3201,D61-6,0.0085,NA,4,2
3203,D61-8,0.0143,NA,6,3
3205,D61-10,0.0031,NA,2,1
3206,D61-11,0.0159,NA,6,3
3207,D61-12,0.0056,NA,2,1
3209,D62-2,0.0178,NA,8,4
3210,D62-3,0.0112,NA,4,2
3211,D62-4,0.0372,NA,10,5
3212,D62-5,0.0531,NA,12,6
3213,D62-6,0.0533,NA,10,5
3215,D62-8,0.015,NA,6,3
3216,D62-9,0.0061,NA,NA,NA
3219,D62-12,0.0167,NA,4,2
3223,D63-4,0.0551,NA,22,11
3224,D63-5,0.0683,NA,24,12
3226,D63-7,0.025,NA,10,5
3227,D63-8,0.1038,NA,20,10
3228,D63-9,0.0427,NA,10,5
3229,D63-10,0.0779,NA,NA,NA
3230,D63-11,0.1957,NA,36,18
3231,D63-12,0.049,NA,16,8
3232,D64-1,0.104,NA,2,1
3235,D64-4,0.0249,NA,8,4
3236,D64-5,0.0161,NA,8,4
3243,D65-3,0.0249,NA,4,2
3247,D65-7,0.0267,NA,4,2
3248,D65-8,0.0572,NA,12,6
3253,D66-4,0.0541,NA,12,6
3254,D66-5,0.0576,NA,20,10
3258,D66-9,0.1415,NA,28,14
3259,D67-1,0.0072,NA,4,2
3260,D67-2,0.0058,NA,2,1
3261,D67-3,0.0081,NA,4,2
3263,D67-5,0.0179,NA,8,4
3266,D67-8,0.026,NA,10,5
3269,D67-11,0.0187,NA,8,4
3272,D68-2,0.0299,NA,16,8
3273,D68-3,0.0395,NA,12,6
3274,D68-4,0.0274,NA,12,6
3278,D68-8,0.0347,NA,12,6
3279,D68-9,0.0692,NA,88,44
3280,D68-10,0.0222,NA,12,6
3283,D69-1,0.0533,NA,8,4
3284,D69-2,0.1545,NA,28,14
3285,D69-3,0.0956,NA,18,9
3290,D69-8,0.0823,NA,14,7
3292,D69-10,0.0844,NA,10,5
3294,D69-12,0.0677,NA,10,5
3296,D70-2,0.0194,NA,8,4
3302,D70-8,0.0192,NA,8,4
3304,D70-10,0.0049,NA,2,1
3309,D71-3,0.0444,NA,18,6
3310,D71-4,0.0169,NA,12,4
3313,D71-7,0.0573,NA,10,5
3322,D72-4,0.1298,NA,32,9
3328,D72-10,0.1234,NA,28,14
3330,D72-12,0.0037,NA,2,1
3334,D74-1,0.0144,NA,NA,NA
3335,D74-2,0.0159,NA,NA,NA
3336,D74-3,0.0131,NA,NA,NA
3337,D75-1,0.0146,NA,NA,NA
3338,D75-2,0.0332,NA,NA,NA
3339,D75-3,0.0242,NA,NA,NA
3342,D76-3,0.0164,NA,NA,NA
3343,D76-4,0.015,NA,NA,NA
3344,D76-5,0.017,NA,NA,NA
3345,D76-6,0.0083,NA,NA,NA
3377,D81-2,0.0109,NA,NA,NA
3378,D81-3,0.0108,NA,NA,NA
3379,D81-4,0.0187,NA,NA,NA
3383,D81-8,0.0131,NA,NA,NA
3384,D81-9,0.0131,NA,NA,NA
3411,D84-3,0.0103,NA,NA,NA
3417,D84-9,0.006,NA,NA,NA
3435,D87-3,0.0134,NA,NA,NA
3437,D87-5,0.0173,NA,NA,NA
3462,D90-6,0.02,NA,NA,NA
3548,D98-8,0.009,NA,NA,NA
