seedling_id,sample_id,biomass_weight_g,weight_notes
1,A1-1,0.1153,NA
2,A1-2,0.0996,NA
3,A1-3,0.124,NA
4,A2-1,0.2284,NA
5,A2-2,0.4318,NA
6,A2-3,0.1973,NA
7,A3-1,0.8354,NA
8,A3-2,0.6055,NA
9,A3-3,0.2055,NA
10,A4-1,0.0433,NA
11,A4-2,0.0433,NA
12,A4-3,0.0623,NA
13,A4-4,0.0508,NA
14,A4-5,0.0425,NA
15,A4-6,0.0406,NA
16,A5-1,0.1618,NA
17,A5-2,0.1114,NA
18,A5-3,0.2848,NA
19,A5-4,0.1016,NA
20,A5-5,0.1288,NA
21,A5-6,0.2179,NA
22,A6-1,0.4219,NA
23,A6-2,0.1815,NA
24,A6-3,0.2867,NA
25,A6-4,0.3378,NA
26,A6-5,0.2418,NA
27,A6-6,0.3135,NA
28,A7-1,0.0275,NA
29,A7-2,0.0353,NA
30,A7-3,0.0447,NA
31,A7-4,0.0164,NA
32,A7-5,0.0325,NA
33,A7-6,0.0326,NA
34,A7-7,0.0412,NA
35,A7-8,0.0723,NA
36,A7-9,0.024,NA
37,A8-1,0.1475,NA
38,A8-2,0.071,NA
39,A8-3,0.0447,NA
40,A8-4,0.0892,NA
41,A8-5,0.1113,NA
42,A8-6,0.0926,NA
43,A8-7,0.1178,NA
44,A8-8,0.0932,NA
45,A8-9,0.2018,NA
46,A9-1,0.216,NA
47,A9-2,0.2025,NA
48,A9-3,0.2146,NA
49,A9-4,0.0992,NA
50,A9-5,0.2478,NA
51,A9-6,0.2321,NA
52,A9-7,0.0693,NA
53,A9-8,0.2018,NA
54,A9-9,0.1921,NA
55,A10-1,0.0218,NA
56,A10-2,0.0321,NA
57,A10-3,0.0338,NA
58,A10-4,0.0355,NA
59,A10-5,0.0154,NA
60,A10-6,0.022,NA
61,A10-7,0.017,NA
62,A10-8,0.0207,NA
63,A10-9,0.0304,NA
64,A10-10,0.0439,NA
65,A10-11,0.0454,NA
66,A10-12,0.0303,NA
67,A11-1,0.0766,NA
68,A11-2,0.1199,NA
69,A11-3,0.0674,NA
71,A11-5,0.066,NA
72,A11-6,0.1,NA
73,A11-7,0.06,NA
74,A11-8,0.0476,NA
75,A11-9,0.1137,NA
76,A11-10,0.1351,NA
77,A11-11,0.1219,NA
78,A11-12,0.1251,NA
79,A12-1,0.578,NA
80,A12-2,0.1546,NA
81,A12-3,0.1481,NA
82,A12-4,0.2264,NA
83,A12-5,0.1447,NA
84,A12-6,0.0804,NA
85,A12-7,0.0406,NA
87,A12-9,0.0896,NA
88,A12-10,0.2242,NA
89,A12-11,0.197,NA
90,A12-12,0.298,NA
91,A13-1,0.1063,NA
92,A13-2,0.0753,NA
93,A13-3,0.1265,NA
94,A14-1,0.3064,NA
95,A14-2,0.3167,NA
96,A14-3,0.2867,NA
97,A15-1,0.4153,NA
98,A15-2,0.5879,NA
99,A15-3,0.5825,NA
100,A16-1,0.0808,NA
101,A16-2,0.0496,NA
102,A16-3,0.0499,NA
103,A16-4,0.0498,NA
104,A16-5,0.0572,NA
105,A16-6,0.0522,NA
106,A17-1,0.1601,NA
107,A17-2,0.1957,NA
108,A17-3,0.2693,NA
109,A17-4,0.1267,NA
110,A17-5,0.1415,NA
111,A17-6,0.0815,NA
112,A18-1,0.3338,NA
113,A18-2,0.3193,NA
114,A18-3,0.1718,NA
115,A18-4,0.2474,NA
116,A18-5,0.4076,NA
117,A18-6,0.1779,NA
118,A19-1,0.0652,NA
119,A19-2,0.043,NA
120,A19-3,0.0409,NA
121,A19-4,0.0414,NA
122,A19-5,0.0409,NA
3604,A19-10,0.0454,NA
123,A19-6,0.0589,NA
124,A19-7,0.0673,NA
125,A19-8,0.0491,NA
126,A19-9,0.0781,NA
127,A20-1,0.1998,NA
128,A20-2,0.1442,NA
129,A20-3,0.0905,NA
130,A20-4,0.1345,NA
131,A20-5,0.0752,NA
132,A20-6,0.0843,NA
133,A20-7,0.0563,NA
134,A20-8,0.1586,NA
135,A20-9,0.1091,NA
136,A21-1,0.2457,NA
137,A21-2,0.2804,NA
138,A21-3,0.159,NA
139,A21-4,0.1341,NA
140,A21-5,0.205,NA
141,A21-6,0.2165,NA
142,A21-7,0.1428,NA
143,A21-8,0.1452,NA
144,A21-9,0.2181,NA
145,A22-1,0.0395,NA
146,A22-2,0.0449,NA
147,A22-3,0.0368,NA
148,A22-4,0.0186,NA
149,A22-5,0.0399,NA
150,A22-6,0.0496,NA
151,A22-7,0.0519,NA
152,A22-8,0.057,NA
153,A22-9,0.073,NA
154,A22-10,0.0495,NA
155,A22-11,0.0348,NA
156,A22-12,0.058,NA
157,A23-1,0.0882,NA
158,A23-2,0.0992,NA
159,A23-3,0.1019,NA
160,A23-4,0.1106,NA
161,A23-5,0.0725,NA
162,A23-6,0.1048,NA
163,A23-7,0.1296,NA
164,A23-8,0.0483,NA
165,A23-9,0.1383,NA
166,A23-10,0.1735,NA
167,A23-11,0.0886,NA
168,A23-12,0.1828,NA
169,A24-1,0.173,NA
170,A24-2,0.0801,NA
171,A24-3,0.1049,NA
172,A24-4,0.2458,NA
173,A24-5,0.1002,NA
174,A24-6,0.2449,NA
175,A24-7,0.2076,NA
176,A24-8,0.1375,NA
177,A24-9,0.2163,NA
178,A24-10,0.1803,NA
179,A24-11,0.3262,NA
180,A24-12,0.1966,NA
181,A25-1,0.0727,NA
182,A25-2,0.1039,NA
183,A25-3,0.0098,NA
184,A25-4,0.0272,NA
185,A25-5,0.0219,NA
186,A25-6,0.073,NA
187,A26-1,0.0966,NA
188,A26-2,0.3411,NA
189,A26-3,0.1521,NA
190,A26-4,0.0498,NA
191,A26-5,0.2519,NA
192,A26-6,0.0785,NA
193,A27-1,0.0736,NA
194,A27-2,0.565,NA
195,A27-3,0.3553,NA
3603,A27-7,0.2541,NA
196,A27-4,0.189,NA
197,A27-5,0.3856,NA
198,A27-6,0.1409,NA
199,A28-1,0.0162,NA
200,A28-2,0.0493,NA
201,A28-3,0.128,NA
203,A28-5,0.0906,NA
204,A28-6,0.0518,NA
205,A28-7,0.0693,NA
206,A28-8,0.066,NA
207,A28-9,0.0927,NA
208,A29-1,0.0813,NA
209,A29-2,0.1293,NA
210,A29-3,0.1213,NA
211,A29-4,0.129,NA
212,A29-5,0.0401,NA
213,A29-6,0.1726,NA
214,A29-7,0.2145,NA
215,A29-8,0.0797,NA
216,A29-9,0.1616,NA
217,A30-1,0.3701,NA
218,A30-2,0.2296,NA
219,A30-3,0.1589,NA
220,A30-4,0.1095,NA
221,A30-5,0.3699,NA
222,A30-6,0.2009,NA
223,A30-7,0.3326,NA
224,A30-8,0.0567,NA
225,A30-9,0.3951,NA
226,A31-1,0.0114,NA
227,A31-2,0.0394,NA
228,A31-3,0.0441,NA
229,A31-4,0.0465,NA
230,A31-5,0.0302,NA
231,A31-6,0.0479,NA
232,A31-7,0.0611,NA
233,A31-8,0.0507,NA
234,A31-9,0.0175,NA
235,A31-10,0.0712,NA
236,A31-11,0.0156,NA
237,A31-12,0.0365,NA
238,A32-1,0.0775,NA
239,A32-2,0.1143,NA
240,A32-3,0.0654,NA
241,A32-4,0.0883,NA
242,A32-5,0.0892,NA
243,A32-6,0.0723,NA
244,A32-7,0.183,NA
245,A32-8,0.1403,NA
246,A32-9,0.0533,NA
247,A32-10,0.1472,NA
248,A32-11,0.0342,NA
249,A32-12,0.1157,NA
250,A33-1,0.0525,NA
251,A33-2,0.0555,NA
252,A33-3,0.3165,NA
253,A33-4,0.1099,NA
254,A33-5,0.2258,NA
255,A33-6,0.1539,NA
256,A33-7,0.1428,NA
257,A33-8,0.1497,NA
258,A33-9,0.2021,NA
259,A33-10,0.2413,NA
260,A33-11,0.1101,NA
261,A33-12,0.0305,NA
262,A34-1,0.0305,NA
263,A34-2,0.0333,NA
264,A34-3,0.0607,NA
265,A34-4,0.0388,NA
267,A34-6,0.0289,NA
268,A34-7,0.0516,NA
269,A34-8,0.0649,NA
270,A34-9,0.0252,NA
271,A35-1,0.1508,NA
272,A35-2,0.1164,NA
273,A35-3,0.1946,NA
274,A35-4,0.0325,NA
275,A35-5,0.0486,NA
276,A35-6,0.174,NA
277,A35-7,0.096,NA
278,A35-8,0.0388,NA
279,A35-9,0.0719,NA
280,A36-1,0.1804,NA
281,A36-2,0.1751,NA
282,A36-3,0.1459,NA
283,A36-4,0.3096,NA
284,A36-5,0.108,NA
285,A36-6,0.1545,NA
286,A36-7,0.1253,NA
287,A36-8,0.5717,NA
288,A36-9,0.0623,NA
289,A37-1,0.0118,NA
290,A37-2,0.0382,NA
291,A37-3,0.0235,NA
292,A37-4,0.0528,NA
293,A37-5,0.0228,NA
294,A37-6,0.0586,NA
295,A37-7,0.0129,NA
296,A37-8,0.0147,NA
297,A37-9,0.0519,NA
298,A37-10,0.0227,NA
299,A37-11,0.0473,NA
300,A37-12,0.031,NA
301,A38-1,0.464,NA
302,A38-2,0.0568,NA
303,A38-3,0.1168,NA
304,A38-4,0.0239,NA
305,A38-5,0.0312,NA
306,A38-6,0.0954,NA
307,A38-7,0.122,NA
308,A38-8,0.1552,NA
309,A38-9,0.0465,NA
310,A38-10,0.1763,NA
311,A38-11,0.1434,NA
312,A38-12,0.0723,NA
313,A39-1,0.2501,NA
314,A39-2,0.1777,NA
315,A39-3,0.1113,NA
316,A39-4,0.1105,NA
317,A39-5,0.19,NA
318,A39-6,0.0431,NA
319,A39-7,0.0445,NA
320,A39-8,0.1031,NA
321,A39-9,0.2401,NA
322,A39-10,0.1739,NA
323,A39-11,0.2553,NA
324,A39-12,0.1177,NA
325,A40-1,0.0226,NA
326,A40-2,0.0164,NA
327,A40-3,0.0187,NA
328,A40-4,0.012,NA
329,A40-5,0.0247,NA
330,A40-6,0.0157,NA
331,A40-7,0.0716,NA
332,A40-8,0.0567,NA
333,A40-9,0.0182,NA
334,A40-10,0.0241,NA
335,A40-11,0.0786,NA
336,A40-12,0.0241,NA
337,A41-1,0.0745,NA
338,A41-2,0.1452,NA
339,A41-3,0.0415,NA
340,A41-4,0.1142,NA
341,A41-5,0.0295,NA
342,A41-6,0.0228,NA
343,A41-7,0.091,NA
344,A41-8,0.0497,NA
345,A41-9,0.112,NA
346,A41-10,0.0627,NA
347,A41-11,0.141,NA
348,A41-12,0.0373,NA
349,A42-1,0.0903,NA
350,A42-2,0.2469,NA
351,A42-3,0.1429,NA
352,A42-4,0.3409,NA
353,A42-5,0.3804,NA
354,A42-6,0.0574,NA
355,A42-7,0.2006,NA
356,A42-8,0.0655,NA
357,A42-9,0.1547,NA
358,A42-10,0.173,NA
359,A42-11,0.1972,NA
360,A42-12,0.0428,NA
361,A43-1,0.0469,NA
362,A43-2,0.1832,NA
363,A43-3,0.1159,NA
364,A44-1,0.5912,NA
365,A44-2,0.06639,NA
366,A44-3,0.357,NA
367,A45-1,0.4011,NA
368,A45-2,0.4599,NA
369,A45-3,0.9958,NA
370,A46-1,0.1023,NA
371,A46-2,0.1019,NA
372,A46-3,0.0583,NA
373,A46-4,0.0684,NA
374,A46-5,0.1236,NA
375,A46-6,0.0663,NA
376,A47-1,0.2205,NA
377,A47-2,0.2241,NA
378,A47-3,0.2127,NA
379,A47-4,0.3266,NA
380,A47-5,0.1987,NA
381,A47-6,0.3375,NA
382,A48-1,0.2833,NA
383,A48-2,0.2623,NA
384,A48-3,0.4854,NA
385,A48-4,0.4095,NA
386,A48-5,0.3461,NA
387,A48-6,0.2601,NA
388,A49-1,0.0505,NA
389,A49-2,0.0569,NA
390,A49-3,0.0285,NA
391,A49-4,0.0656,NA
392,A49-5,0.0518,NA
393,A49-6,0.0641,NA
394,A49-7,0.1183,NA
395,A49-8,0.0612,NA
396,A49-9,0.1248,NA
397,A50-1,0.2165,NA
398,A50-2,0.1872,NA
399,A50-3,0.1636,NA
400,A50-4,0.2112,NA
401,A50-5,0.1288,NA
402,A50-6,0.2688,NA
403,A50-7,0.1864,NA
404,A50-8,0.1944,NA
405,A50-9,0.1854,NA
406,A51-1,0.2255,NA
407,A51-2,0.2056,NA
408,A51-3,0.4742,NA
409,A51-4,0.4655,NA
410,A51-5,0.2804,NA
411,A51-6,0.2294,NA
412,A51-7,0.2065,NA
413,A51-8,0.2668,NA
414,A51-9,0.3235,NA
415,A52-1,0.0616,NA
417,A52-3,0.309,NA
418,A52-4,0.0487,NA
419,A52-5,0.0278,NA
420,A52-6,0.0696,NA
421,A52-7,0.0822,NA
422,A52-8,0.0516,NA
423,A52-9,0.1037,NA
424,A52-10,0.0778,NA
425,A52-11,0.0813,NA
426,A52-12,0.0767,NA
427,A53-1,0.1195,NA
428,A53-2,0.1055,NA
429,A53-3,0.1486,NA
430,A53-4,0.0876,NA
431,A53-5,0.1631,NA
432,A53-6,0.1447,NA
433,A53-7,0.0731,NA
434,A53-8,0.1419,NA
435,A53-9,0.1111,NA
436,A53-10,0.1385,NA
437,A53-11,0.1745,NA
438,A53-12,0.1199,NA
439,A54-1,0.1502,NA
440,A54-2,0.3812,NA
441,A54-3,0.1174,NA
442,A54-4,0.1835,NA
443,A54-5,0.1667,NA
444,A54-6,0.2326,NA
445,A54-7,0.3172,NA
446,A54-8,0.1684,NA
447,A54-9,0.2335,NA
448,A54-10,0.3924,NA
449,A54-11,0.262,NA
450,A54-12,0.3128,NA
452,A55-2,0.091,NA
453,A55-3,0.1734,NA
454,A55-4,0.0179,NA
455,A55-5,0.0475,NA
456,A55-6,0.0325,NA
457,A56-1,0.0592,NA
458,A56-2,0.2773,NA
459,A56-3,0.0744,NA
460,A56-4,0.32,NA
461,A56-5,0.2714,NA
462,A56-6,0.1387,NA
463,A57-1,0.4622,NA
464,A57-2,0.659,NA
465,A57-3,0.192,NA
466,A57-4,0.1393,NA
467,A57-5,0.0635,NA
468,A57-6,0.6802,NA
469,A58-1,0.0528,NA
470,A58-2,0.0229,NA
471,A58-3,0.0201,NA
472,A58-4,0.0904,NA
473,A58-5,0.0141,NA
474,A58-6,0.0992,NA
475,A58-7,0.0845,NA
476,A58-8,0.1191,NA
477,A58-9,0.0956,NA
478,A59-1,0.25,NA
479,A59-2,0.218,NA
480,A59-3,0.3566,NA
481,A59-4,0.1798,NA
482,A59-5,0.0655,NA
483,A59-6,0.2278,NA
484,A59-7,0.0378,NA
485,A59-8,0.2234,NA
486,A59-9,0.102,NA
487,A60-1,0.321,NA
488,A60-2,0.7243,NA
489,A60-3,0.0807,NA
490,A60-4,0.3486,NA
491,A60-5,0.09,NA
492,A60-6,0.2754,NA
493,A60-7,0.3269,NA
494,A60-8,0.2426,NA
495,A60-9,0.0925,NA
496,A61-1,0.0687,NA
497,A61-2,0.0889,NA
498,A61-3,0.0215,NA
499,A61-4,0.081,NA
500,A61-5,0.0404,NA
501,A61-6,0.0404,NA
502,A61-7,0.051,NA
503,A61-8,0.0555,NA
504,A61-9,0.0322,NA
505,A61-10,0.0122,NA
507,A61-12,0.0442,NA
508,A62-1,0.0701,NA
509,A62-2,0.081,NA
510,A62-3,0.1374,NA
511,A62-4,0.0679,NA
512,A62-5,0.1055,NA
513,A62-6,0.0556,NA
514,A62-7,0.0924,NA
515,A62-8,0.184,NA
516,A62-9,0.0404,NA
517,A62-10,0.1503,NA
518,A62-11,0.2146,NA
519,A62-12,0.1505,NA
520,A63-1,0.3025,NA
521,A63-2,0.2448,NA
522,A63-3,0.3479,NA
523,A63-4,0.2171,NA
524,A63-5,0.1113,NA
525,A63-6,0.0335,NA
526,A63-7,0.303,NA
527,A63-8,0.1337,NA
528,A63-9,0.164,NA
529,A63-10,0.2825,NA
530,A63-11,0.2137,NA
531,A63-12,0.285,NA
532,A64-1,0.0985,NA
533,A64-2,0.017,NA
534,A64-3,0.0182,NA
535,A64-4,0.0161,NA
536,A64-5,0.0345,NA
537,A64-6,0.0215,NA
538,A64-7,0.0285,NA
539,A64-8,0.0308,NA
540,A64-9,0.1081,NA
541,A65-1,0.0313,NA
542,A65-2,0.064,NA
543,A65-3,0.0821,NA
544,A65-4,0.0938,NA
545,A65-5,0.0556,NA
546,A65-6,0.31,NA
547,A65-7,0.0624,NA
548,A65-8,0.3247,NA
549,A65-9,0.5206,NA
550,A66-1,0.0842,NA
551,A66-2,0.1876,NA
552,A66-3,0.0835,NA
553,A66-4,0.1476,NA
554,A66-5,0.1738,NA
555,A66-6,0.3558,NA
556,A66-7,0.1129,NA
557,A66-8,0.4489,NA
558,A66-9,0.5037,NA
559,A67-1,0.0172,NA
560,A67-2,0.0179,NA
561,A67-3,0.1314,NA
562,A67-4,0.054,NA
563,A67-5,0.0427,NA
564,A67-6,0.1555,NA
565,A67-7,0.0782,NA
566,A67-8,0.0768,NA
567,A67-9,0.0322,NA
568,A67-10,0.0183,NA
569,A67-11,0.0243,NA
570,A67-12,0.033,NA
571,A68-1,0.067,NA
572,A68-2,0.053,NA
573,A68-3,0.1159,NA
574,A68-4,0.0468,NA
575,A68-5,0.1511,NA
576,A68-6,0.0773,NA
577,A68-7,0.1324,NA
578,A68-8,0.1498,NA
579,A68-9,0.0409,NA
580,A68-10,0.0437,NA
581,A68-11,0.0467,NA
582,A68-12,0.1961,NA
583,A69-1,0.3439,NA
584,A69-2,0.3087,NA
585,A69-3,0.1171,NA
586,A69-4,0.0373,NA
587,A69-5,0.2492,NA
588,A69-6,0.2145,NA
589,A69-7,0.1194,NA
590,A69-8,0.2015,NA
591,A69-9,0.111,NA
592,A69-10,0.0638,NA
593,A69-11,0.2913,NA
594,A69-12,0.0299,NA
595,A70-1,0.0301,NA
596,A70-2,0.248,NA
597,A70-3,0.0267,NA
598,A70-4,0.0608,NA
599,A70-5,0.0368,NA
600,A70-6,0.0133,NA
601,A70-7,0.05,NA
602,A70-8,0.0272,NA
603,A70-9,0.0838,NA
607,A71-1,0.39,NA
608,A71-2,0.1123,NA
609,A71-3,0.2935,NA
610,A71-4,0.031,NA
611,A71-5,0.0577,NA
612,A71-6,0.0675,NA
613,A71-7,0.1418,NA
614,A71-8,0.2348,NA
615,A71-9,0.1098,NA
616,A71-10,0.0973,NA
617,A71-11,0.0322,NA
618,A71-12,0.0722,NA
619,A72-1,0.3757,NA
620,A72-2,0.1277,NA
621,A72-3,0.1091,NA
622,A72-4,0.0901,NA
623,A72-5,0.1906,NA
624,A72-6,0.0626,NA
625,A72-7,0.1191,NA
626,A72-8,0.0866,NA
627,A72-9,0.112,NA
628,A72-10,0.3426,NA
629,A72-11,0.0927,NA
630,A72-12,0.3875,NA
631,A73-1,0.1099,NA
632,A73-2,0.0875,NA
633,A73-3,0.1574,NA
634,A74-1,0.5499,NA
635,A74-2,0.3458,NA
636,A74-3,0.6361,NA
637,A75-1,0.7291,NA
638,A75-2,0.9674,NA
639,A75-3,1.3404,NA
640,A76-1,0.0428,NA
641,A76-2,0.0401,NA
642,A76-3,0.0529,NA
643,A76-4,0.0538,NA
644,A76-5,0.0768,NA
645,A76-6,0.0627,NA
646,A77-1,0.2636,NA
647,A77-2,0.3245,NA
648,A77-3,0.3267,NA
649,A77-4,0.2781,NA
650,A77-5,0.1341,NA
651,A77-6,0.1901,NA
652,A78-1,0.2571,NA
653,A78-2,0.3259,NA
654,A78-3,0.4884,NA
655,A78-4,0.2394,NA
656,A78-5,0.5242,NA
657,A78-6,0.6512,NA
658,A79-1,0.0479,NA
659,A79-2,0.0377,NA
660,A79-3,0.0679,NA
661,A79-4,0.0421,NA
662,A79-5,0.0597,NA
663,A79-6,0.0431,NA
664,A79-7,0.0502,NA
665,A79-8,0.0352,NA
666,A79-9,0.055,NA
667,A80-1,0.1924,NA
668,A80-2,0.1817,NA
669,A80-3,0.1037,NA
670,A80-4,0.1068,NA
671,A80-5,0.1565,NA
672,A80-6,0.2204,NA
673,A80-7,0.1488,NA
675,A80-9,0.2684,NA
676,A81-1,0.111,NA
677,A81-2,0.3034,NA
678,A81-3,0.3896,NA
679,A81-4,0.1908,NA
680,A81-5,0.2412,NA
681,A81-6,0.2821,NA
682,A81-7,0.4798,NA
683,A81-8,0.2091,NA
684,A81-9,0.4203,NA
685,A82-1,0.0308,NA
686,A82-2,0.0233,NA
687,A82-3,0.0172,NA
688,A82-4,0.0068,NA
689,A82-5,0.0238,NA
690,A82-6,0.0254,NA
691,A82-7,0.0212,NA
692,A82-8,0.0323,NA
693,A82-9,0.0487,NA
694,A82-10,0.0247,NA
695,A82-11,0.0343,NA
696,A82-12,0.053,NA
697,A83-1,0.128,NA
698,A83-2,0.0575,NA
699,A83-3,0.0994,NA
700,A83-4,0.0595,NA
701,A83-5,0.1374,NA
702,A83-6,0.1336,NA
703,A83-7,0.147,NA
704,A83-8,0.1392,NA
705,A83-9,0.1177,NA
706,A83-10,0.1692,NA
707,A83-11,0.1627,NA
708,A83-12,0.1288,NA
709,A84-1,0.2068,NA
710,A84-2,0.1395,NA
711,A84-3,0.1495,NA
712,A84-4,0.1784,NA
713,A84-5,0.101,NA
714,A84-6,0.1484,NA
715,A84-7,0.2614,NA
716,A84-8,0.3085,NA
717,A84-9,0.1767,NA
718,A84-10,0.3246,NA
719,A84-11,0.3553,NA
720,A84-12,0.378,NA
721,A85-1,0.054,NA
722,A85-2,0.0417,NA
723,A85-3,0.0522,NA
724,A85-4,0.0521,NA
725,A85-5,0.0605,NA
726,A85-6,0.0391,NA
727,A86-1,0.1268,NA
728,A86-2,0.1058,NA
729,A86-3,0.1226,NA
730,A86-4,0.1925,NA
731,A86-5,0.1857,NA
732,A86-6,0.2469,NA
733,A87-1,0.3228,NA
734,A87-2,0.3728,NA
735,A87-3,0.3359,NA
736,A87-4,0.3614,NA
737,A87-5,0.21,NA
738,A87-6,0.3879,NA
739,A88-1,0.0485,NA
740,A88-2,0.0382,NA
741,A88-3,0.0317,NA
742,A88-4,0.0365,NA
743,A88-5,0.0328,NA
744,A88-6,0.0559,NA
745,A88-7,0.0321,NA
746,A88-8,0.0533,NA
747,A88-9,0.1283,NA
748,A89-1,0.1306,NA
749,A89-2,0.1857,NA
750,A89-3,0.0684,NA
751,A89-4,0.1225,NA
752,A89-5,0.0551,NA
753,A89-6,0.1225,NA
754,A89-7,0.1717,NA
755,A89-8,0.137,NA
756,A89-9,0.1439,NA
757,A90-1,0.2318,NA
758,A90-2,0.2883,NA
759,A90-3,0.2294,NA
760,A90-4,0.2861,NA
761,A90-5,0.2012,NA
762,A90-6,0.2736,NA
763,A90-7,0.3407,NA
764,A90-8,0.2288,NA
765,A90-9,0.1859,NA
766,A91-1,0.0311,NA
767,A91-2,0.0231,NA
768,A91-3,0.0394,NA
769,A91-4,0.0246,NA
770,A91-5,0.0374,NA
771,A91-6,0.0257,NA
772,A91-7,0.06,NA
773,A91-8,0.0094,NA
774,A91-9,0.0596,NA
775,A91-10,0.0482,NA
776,A91-11,0.0328,NA
777,A91-12,0.0244,NA
778,A92-1,0.1504,NA
779,A92-2,0.1511,NA
780,A92-3,0.1228,NA
781,A92-4,0.1409,NA
782,A92-5,0.0756,NA
783,A92-6,0.1035,NA
784,A92-7,0.0835,NA
785,A92-8,0.182,NA
786,A92-9,0.1644,NA
787,A92-10,0.1596,NA
788,A92-11,0.1154,NA
789,A92-12,0.1605,NA
790,A93-1,0.2962,NA
791,A93-2,0.2235,NA
792,A93-3,0.1622,NA
793,A93-4,0.238,NA
794,A93-5,0.2155,NA
795,A93-6,0.1407,NA
796,A93-7,0.1575,NA
797,A93-8,0.2435,NA
798,A93-9,0.3051,NA
799,A93-10,0.1243,NA
800,A93-11,0.2728,NA
801,A93-12,0.2434,NA
802,A94-1,0.0244,NA
803,A94-2,0.0423,NA
804,A94-3,0.0152,NA
805,A94-4,0.0356,NA
806,A94-5,0.0425,NA
807,A94-6,0.0363,NA
808,A94-7,0.048,NA
809,A94-8,0.0466,NA
810,A94-9,0.0566,NA
811,A95-1,0.0706,NA
812,A95-2,0.1994,NA
813,A95-3,0.0631,NA
814,A95-4,0.099,NA
815,A95-5,0.1219,NA
816,A95-6,0.0912,NA
817,A95-7,0.1041,NA
818,A95-8,0.138,NA
819,A95-9,0.1247,NA
820,A96-1,0.1467,NA
821,A96-2,0.2346,NA
822,A96-3,0.2635,NA
823,A96-4,0.101,NA
824,A96-5,0.3237,NA
825,A96-6,0.2056,NA
826,A96-7,0.0804,NA
827,A96-8,0.4207,NA
828,A96-9,0.1206,NA
829,A97-1,0.0207,NA
830,A97-2,0.0291,NA
831,A97-3,0.0371,NA
832,A97-4,0.0193,NA
833,A97-5,0.0134,NA
834,A97-6,0.03,NA
835,A97-7,0.0356,NA
836,A97-8,0.0161,NA
837,A97-9,0.0541,NA
838,A97-10,0.0391,NA
839,A97-11,0.0309,NA
840,A97-12,0.0406,NA
841,A98-1,0.0641,NA
842,A98-2,0.1027,NA
843,A98-3,0.0723,NA
844,A98-4,0.1133,NA
845,A98-5,0.0786,NA
846,A98-6,0.0669,NA
847,A98-7,0.1012,NA
848,A98-8,0.1089,NA
849,A98-9,0.0631,NA
850,A98-10,0.179,NA
851,A98-11,0.1464,NA
852,A98-12,0.0854,NA
853,A99-1,0.1469,NA
854,A99-2,0.1533,NA
855,A99-3,0.0798,NA
856,A99-4,0.0916,NA
857,A99-5,0.1196,NA
858,A99-6,0.2447,NA
859,A99-7,0.1291,NA
860,A99-8,0.1594,NA
861,A99-9,0.2952,NA
862,A99-10,0.2164,NA
863,A99-11,0.1685,NA
864,A99-12,0.2652,NA
865,A100-1,0.016,NA
866,A100-2,0.036,NA
867,A100-3,0.0257,NA
868,A100-4,0.0206,NA
869,A100-5,0.0261,NA
870,A100-6,0.118,NA
871,A100-7,0.0305,NA
872,A100-8,0.032,NA
873,A100-9,0.025,NA
874,A100-10,0.0224,NA
875,A100-11,0.0439,NA
876,A100-12,0.0125,NA
877,A101-1,0.0752,NA
878,A101-2,0.1526,NA
879,A101-3,0.0489,NA
880,A101-4,0.0811,NA
881,A101-5,0.0998,NA
882,A101-6,0.0591,NA
883,A101-7,0.1372,NA
884,A101-8,0.0603,NA
885,A101-9,0.0691,NA
886,A101-10,0.08,NA
887,A101-11,0.2315,NA
888,A101-12,0.1235,NA
889,A102-1,0.1373,NA
890,A102-2,0.3552,NA
891,A102-3,0.1699,NA
892,A102-4,0.0821,NA
893,A102-5,0.1787,NA
894,A102-6,0.1569,NA
895,A102-7,0.1937,"Extra ECUR in sample, weight: 0.0981. Origin unknown"
896,A102-8,0.3506,NA
898,A102-10,0.1069,NA
899,A102-11,0.0633,NA
900,A102-12,0.3124,NA
901,B1-1,0.1489,NA
903,B1-3,0.1192,NA
904,B2-1,0.4375,NA
905,B2-2,0.2158,NA
906,B2-3,0.4165,NA
907,B3-1,1.1122,NA
908,B3-2,0.4436,NA
909,B3-3,0.3743,NA
910,B4-1,0.1069,NA
911,B4-2,0.0325,NA
912,B4-3,0.0461,NA
913,B4-4,0.0504,NA
914,B4-5,0.0347,NA
915,B4-6,0.0404,NA
916,B5-1,0.1747,NA
917,B5-2,0.1121,NA
918,B5-3,0.3701,NA
919,B5-4,0.1444,NA
920,B5-5,0.0797,NA
921,B5-6,0.1732,NA
922,B6-1,0.3419,NA
923,B6-2,0.417,NA
924,B6-3,0.2062,NA
925,B6-4,0.3256,NA
926,B6-5,0.1815,NA
927,B6-6,0.1248,NA
928,B7-1,0.0219,NA
929,B7-2,0.0282,NA
930,B7-3,0.0468,NA
931,B7-4,0.0333,NA
932,B7-5,0.0565,NA
933,B7-6,0.0356,NA
934,B7-7,0.0404,NA
935,B7-8,0.0445,NA
936,B7-9,0.0399,NA
937,B8-1,0.1064,NA
938,B8-2,0.1381,NA
939,B8-3,0.1792,NA
940,B8-4,0.0486,NA
941,B8-5,0.0579,NA
942,B8-6,0.0866,NA
943,B8-7,0.0432,NA
944,B8-8,0.1546,NA
945,B8-9,0.1038,NA
947,B9-2,0.143,NA
948,B9-3,0.2962,NA
949,B9-4,0.1947,NA
950,B9-5,0.1329,NA
951,B9-6,0.096,NA
952,B9-7,0.3644,NA
953,B9-8,0.2743,NA
954,B9-9,0.2054,NA
955,B10-1,0.0277,NA
956,B10-2,0.0558,NA
957,B10-3,0.0173,NA
958,B10-4,0.0148,NA
959,B10-5,0.0138,NA
960,B10-6,0.0152,NA
961,B10-7,0.0255,NA
962,B10-8,0.0198,NA
963,B10-9,0.0405,NA
964,B10-10,0.0208,NA
965,B10-11,0.0397,NA
966,B10-12,0.049,NA
967,B11-1,0.2091,NA
968,B11-2,0.1261,NA
969,B11-3,0.0841,NA
970,B11-4,0.0503,NA
971,B11-5,0.0863,NA
972,B11-6,0.0518,NA
973,B11-7,0.0408,NA
974,B11-8,0.0902,NA
975,B11-9,0.0826,NA
976,B11-10,0.0392,NA
977,B11-11,0.0403,NA
978,B11-12,0.0695,NA
979,B12-1,0.074,NA
980,B12-2,0.0378,NA
981,B12-3,0.051,NA
982,B12-4,0.0688,NA
983,B12-5,0.0449,NA
984,B12-6,0.0657,NA
985,B12-7,0.1043,NA
986,B12-8,0.1028,NA
987,B12-9,0.1208,NA
988,B12-10,0.1186,NA
989,B12-11,0.1495,NA
990,B12-12,0.7848,? V large.
991,B13-1,0.1346,NA
992,B13-2,0.1308,NA
993,B13-3,0.095,NA
994,B14-1,0.3809,NA
995,B14-2,0.3234,NA
996,B14-3,0.2098,NA
997,B15-1,0.5743,NA
998,B15-2,0.8292,NA
999,B15-3,0.5877,NA
1000,B16-1,0.0682,NA
1001,B16-2,0.0631,NA
1002,B16-3,0.0474,NA
1003,B16-4,0.0393,NA
1004,B16-5,0.0832,NA
1005,B16-6,0.0687,NA
1006,B17-1,0.1294,NA
1007,B17-2,0.1755,NA
1008,B17-3,0.2169,NA
1009,B17-4,0.1145,NA
1010,B17-5,0.1253,NA
1011,B17-6,0.2128,NA
1012,B18-1,0.209,NA
1013,B18-2,0.4491,NA
1014,B18-3,0.1892,NA
1015,B18-4,0.1607,NA
1016,B18-5,0.3073,NA
1017,B18-6,0.3657,NA
1018,B19-1,0.0936,NA
1019,B19-2,0.0854,NA
1020,B19-3,0.032,NA
1021,B19-4,0.0719,NA
1022,B19-5,0.0526,NA
1023,B19-6,0.0742,NA
1024,B19-7,0.045,NA
1025,B19-8,0.0466,NA
1026,B19-9,0.0753,NA
1027,B20-1,0.1312,NA
1029,B20-3,0.1217,NA
1030,B20-4,0.0914,NA
1031,B20-5,0.1002,NA
1032,B20-6,0.1195,NA
1033,B20-7,0.124,NA
1034,B20-8,0.1644,NA
1035,B20-9,0.2165,NA
1036,B21-1,0.3346,NA
1037,B21-2,0.3755,NA
1038,B21-3,0.303,NA
1039,B21-4,0.2492,NA
1040,B21-5,0.1906,NA
1041,B21-6,0.09,NA
1042,B21-7,0.2687,NA
1043,B21-8,0.1315,NA
1044,B21-9,0.2414,NA
1045,B22-1,0.0355,NA
1046,B22-2,0.0573,NA
1047,B22-3,0.0312,NA
1048,B22-4,0.0591,NA
1049,B22-5,0.0607,NA
1050,B22-6,0.0379,NA
1051,B22-7,0.0442,NA
1052,B22-8,0.051,NA
1053,B22-9,0.026,NA
1054,B22-10,0.0557,NA
1055,B22-11,0.0444,NA
1056,B22-12,0.0378,NA
1057,B23-1,0.1331,NA
1058,B23-2,0.1136,NA
1059,B23-3,0.0837,NA
1060,B23-4,0.1528,NA
1061,B23-5,0.0728,NA
1062,B23-6,0.0338,NA
1063,B23-7,0.1291,NA
1064,B23-8,0.0841,NA
1065,B23-9,0.0918,NA
1066,B23-10,0.148,NA
1067,B23-11,0.1013,NA
1068,B23-12,0.1545,NA
1069,B24-1,0.197,NA
1070,B24-2,0.2245,NA
1071,B24-3,0.22,NA
1072,B24-4,0.0946,NA
1073,B24-5,0.1213,NA
1074,B24-6,0.1131,NA
1075,B24-7,0.1516,NA
1076,B24-8,0.1377,NA
1077,B24-9,0.1116,NA
1078,B24-10,0.2834,NA
1079,B24-11,0.0584,NA
1080,B24-12,0.1271,NA
1081,B25-1,0.1051,NA
1082,B25-2,0.0182,NA
1083,B25-3,0.0236,NA
1084,B25-4,0.094,NA
1085,B25-5,0.0171,NA
1086,B25-6,0.0716,NA
1087,B26-1,0.2046,NA
1088,B26-2,0.2642,NA
1089,B26-3,0.1073,NA
1090,B26-4,0.0346,NA
1091,B26-5,0.1053,NA
1092,B26-6,0.2897,NA
1093,B27-1,0.1283,NA
1094,B27-2,0.5502,NA
1095,B27-3,0.2443,NA
1096,B27-4,0.1492,NA
1097,B27-5,0.3697,NA
1098,B27-6,0.1048,NA
1099,B28-1,0.0546,NA
1100,B28-2,0.0432,NA
1101,B28-3,0.0801,NA
1103,B28-5,0.0281,NA
1104,B28-6,0.0596,NA
1105,B28-7,0.0752,NA
1106,B28-8,0.0817,NA
1107,B28-9,0.0358,NA
1108,B29-1,0.2114,NA
1109,B29-2,0.1579,NA
1110,B29-3,0.0401,NA
1111,B29-4,0.1201,NA
1112,B29-5,0.0412,NA
1113,B29-6,0.0354,NA
1114,B29-7,0.1892,NA
1115,B29-8,0.1042,NA
1116,B29-9,0.3154,NA
1117,B30-1,0.0818,NA
1118,B30-2,0.2716,NA
1119,B30-3,0.2461,NA
1120,B30-4,0.1684,NA
1121,B30-5,0.0467,NA
1122,B30-6,0.064,NA
1123,B30-7,0.1894,NA
1124,B30-8,0.2593,NA
1125,B30-9,0.3704,NA
1126,B31-1,0.0555,NA
1127,B31-2,0.045,NA
1128,B31-3,0.0147,NA
1129,B31-4,0.0405,NA
1130,B31-5,0.0669,NA
1131,B31-6,0.0329,NA
1132,B31-7,0.0151,NA
1133,B31-8,0.0465,NA
1134,B31-9,0.0333,NA
1135,B31-10,0.0695,NA
1136,B31-11,0.0744,NA
1137,B31-12,0.0125,NA
1138,B32-1,0.0539,NA
1139,B32-2,0.0811,NA
1140,B32-3,0.0495,NA
1141,B32-4,0.1054,NA
1142,B32-5,0.153,NA
1143,B32-6,0.1089,NA
1144,B32-7,0.0643,NA
1145,B32-8,0.0304,NA
1146,B32-9,0.0794,NA
1147,B32-10,0.1064,NA
1148,B32-11,0.0467,NA
1149,B32-12,0.117,NA
1150,B33-1,0.0385,NA
1151,B33-2,0.0705,NA
1152,B33-3,0.2723,NA
1153,B33-4,0.3796,NA
1154,B33-5,0.0736,NA
1155,B33-6,0.122,NA
1156,B33-7,0.1654,NA
1157,B33-8,0.042,NA
1159,B33-10,0.2215,NA
1160,B33-11,0.1697,NA
1161,B33-12,0.2339,NA
1162,B34-1,0.0745,NA
1163,B34-2,0.0338,NA
1164,B34-3,0.0533,NA
1165,B34-4,0.0321,NA
1166,B34-5,0.0234,NA
1167,B34-6,0.0152,NA
1168,B34-7,0.0208,NA
1169,B34-8,0.0415,NA
1170,B34-9,0.0516,NA
1171,B35-1,0.331,NA
1172,B35-2,0.1177,NA
1173,B35-3,0.049,NA
1174,B35-4,0.16,NA
1175,B35-5,0.0693,NA
1176,B35-6,0.2484,NA
1177,B35-7,0.0779,NA
1178,B35-8,0.0865,NA
1179,B35-9,0.3192,NA
1180,B36-1,0.0814,NA
1181,B36-2,0.0572,NA
1182,B36-3,0.041,NA
1184,B36-5,0.2034,NA
1185,B36-6,0.2805,NA
1186,B36-7,0.1109,NA
1187,B36-8,0.2258,NA
1188,B36-9,0.5615,NA
1189,B37-1,0.0296,NA
1190,B37-2,0.0323,NA
1192,B37-4,0.0456,NA
1193,B37-5,0.0501,NA
1194,B37-6,0.0071,NA
1195,B37-7,0.0511,NA
1196,B37-8,0.0115,NA
1197,B37-9,0.0743,NA
1198,B37-10,0.0505,NA
1199,B37-11,0.0466,NA
1200,B37-12,0.0196,NA
1201,B38-1,0.1288,NA
1202,B38-2,0.072,NA
1203,B38-3,0.0697,NA
1204,B38-4,0.0263,NA
1205,B38-5,0.1133,NA
1206,B38-6,0.0412,NA
1207,B38-7,0.0798,NA
1208,B38-8,0.0745,NA
1210,B38-10,0.048,NA
1211,B38-11,0.1558,NA
1212,B38-12,0.1425,NA
1213,B39-1,0.0987,NA
1214,B39-2,0.1964,NA
1215,B39-3,0.1635,NA
1216,B39-4,0.0717,NA
1217,B39-5,0.1381,NA
1218,B39-6,0.0561,NA
1219,B39-7,0.0356,NA
1220,B39-8,0.2384,NA
1221,B39-9,0.109,NA
1222,B39-10,0.2228,NA
1224,B39-12,0.2941,NA
1225,B40-1,0.0216,NA
1226,B40-2,0.0073,NA
1227,B40-3,0.0367,NA
1229,B40-5,0.0084,NA
1230,B40-6,0.0749,NA
1231,B40-7,0.084,NA
1232,B40-8,0.0487,NA
1233,B40-9,0.0231,NA
1234,B40-10,0.0361,NA
1235,B40-11,0.0607,NA
1236,B40-12,0.024,NA
1237,B41-1,0.1022,NA
1238,B41-2,0.0454,NA
1239,B41-3,0.1542,NA
1240,B41-4,0.0605,NA
1241,B41-5,0.0505,NA
1242,B41-6,0.0308,NA
1243,B41-7,0.546,NA
1244,B41-8,0.0875,NA
1245,B41-9,0.061,NA
1246,B41-10,0.0891,NA
1247,B41-11,0.1812,NA
1248,B41-12,0.1968,NA
1249,B42-1,0.0471,NA
1250,B42-2,0.1201,NA
1251,B42-3,0.4207,NA
1252,B42-4,0.0772,NA
1253,B42-5,0.0766,NA
1254,B42-6,0.1649,NA
1256,B42-8,0.1495,NA
1257,B42-9,0.1377,NA
1258,B42-10,0.459,NA
1259,B42-11,0.2671,NA
1260,B42-12,0.1663,NA
1261,B43-1,0.1892,NA
1262,B43-2,0.1598,NA
1263,B43-3,0.163,NA
1264,B44-1,0.4153,NA
1265,B44-2,0.3655,NA
1266,B44-3,0.5382,NA
1267,B45-1,0.4351,NA
1268,B45-2,0.7206,NA
1269,B45-3,1.2229,NA
1270,B46-1,0.0927,NA
1271,B46-2,0.0826,NA
1272,B46-3,0.0756,NA
1273,B46-4,0.1285,NA
1274,B46-5,0.0925,NA
1275,B46-6,0.1283,NA
1276,B47-1,0.2641,NA
1277,B47-2,0.2065,NA
1278,B47-3,0.2681,NA
1279,B47-4,0.1684,NA
1280,B47-5,0.3233,NA
1281,B47-6,0.3296,NA
1282,B48-1,0.6248,NA
1283,B48-2,0.531,NA
1284,B48-3,0.4555,NA
1285,B48-4,0.307,NA
1286,B48-5,0.3255,NA
1287,B48-6,0.4041,NA
1288,B49-1,0.1151,NA
1289,B49-2,0.1008,NA
1290,B49-3,0.0992,NA
1291,B49-4,0.0661,NA
1292,B49-5,0.0637,NA
1293,B49-6,0.1007,NA
1294,B49-7,0.063,NA
1295,B49-8,0.0597,NA
1296,B49-9,0.1175,NA
1297,B50-1,0.2297,NA
1298,B50-2,0.165,NA
1299,B50-3,0.1576,NA
1300,B50-4,0.2363,NA
1301,B50-5,0.2295,NA
1302,B50-6,0.2136,NA
1303,B50-7,0.1851,NA
1304,B50-8,0.1274,NA
1305,B50-9,0.2641,NA
1306,B51-1,0.4228,NA
1307,B51-2,0.0903,NA
1308,B51-3,0.5429,NA
1309,B51-4,0.2283,NA
1310,B51-5,0.4027,NA
1311,B51-6,0.3699,NA
1313,B51-8,0.2883,NA
1314,B51-9,0.3108,NA
1315,B52-1,0.0653,NA
1316,B52-2,0.0601,NA
1317,B52-3,0.0331,NA
1318,B52-4,0.0582,NA
1319,B52-5,0.0373,NA
1320,B52-6,0.0493,NA
1321,B52-7,0.0461,NA
1322,B52-8,0.0637,NA
1323,B52-9,0.0585,NA
1324,B52-10,0.048,NA
1325,B52-11,0.0486,NA
1326,B52-12,0.1012,NA
1327,B53-1,0.0922,NA
1328,B53-2,0.213,NA
1329,B53-3,0.1589,NA
1330,B53-4,0.1063,NA
1331,B53-5,0.1516,NA
1332,B53-6,0.1204,NA
1333,B53-7,0.1659,NA
1334,B53-8,0.1083,NA
1335,B53-9,0.1159,NA
1336,B53-10,0.2213,NA
1337,B53-11,0.1821,NA
1338,B53-12,0.0676,NA
1339,B54-1,0.2625,NA
1340,B54-2,0.1873,NA
1341,B54-3,0.2641,NA
1343,B54-5,0.1807,NA
1344,B54-6,0.1781,NA
1345,B54-7,0.1771,NA
1346,B54-8,0.1996,NA
1347,B54-9,0.2764,NA
1348,B54-10,0.3631,NA
1349,B54-11,0.3393,NA
1350,B54-12,0.158,NA
1351,B55-1,0.0903,NA
1352,B55-2,0.0454,NA
1353,B55-3,0.0307,NA
1354,B55-4,0.0156,NA
1355,B55-5,0.0843,NA
1356,B55-6,0.1023,NA
1357,B56-1,0.2012,NA
1358,B56-2,0.0811,NA
1359,B56-3,0.0668,NA
1360,B56-4,0.3047,NA
1361,B56-5,0.059,NA
1362,B56-6,0.5926,NA
1363,B57-1,0.5185,NA
1364,B57-2,0.0861,NA
1365,B57-3,0.1066,NA
1366,B57-4,0.102,NA
1367,B57-5,0.5008,NA
1368,B57-6,0.5531,NA
1369,B58-1,0.0283,NA
1370,B58-2,0.1248,NA
1371,B58-3,0.0168,NA
1372,B58-4,0.0816,NA
1373,B58-5,0.0535,NA
1374,B58-6,0.0183,NA
1375,B58-7,0.0599,NA
1376,B58-8,0.0852,NA
1377,B58-9,0.0795,NA
1378,B59-1,0.1834,NA
1379,B59-2,0.0312,NA
1380,B59-3,0.1985,NA
1381,B59-4,0.2051,NA
1382,B59-5,0.1485,NA
1383,B59-6,0.2418,NA
1384,B59-7,0.2556,NA
1385,B59-8,0.0973,NA
1386,B59-9,0.0836,NA
1387,B60-1,0.1608,NA
1388,B60-2,0.2801,NA
1389,B60-3,0.4811,NA
1390,B60-4,0.1332,NA
1391,B60-5,0.2017,NA
1392,B60-6,0.1693,NA
1393,B60-7,0.0457,NA
1394,B60-8,0.227,NA
1395,B60-9,0.3113,NA
1396,B61-1,0.0616,NA
1397,B61-2,0.0547,NA
1398,B61-3,0.0109,NA
1399,B61-4,0.0555,NA
1400,B61-5,0.057,NA
1401,B61-6,0.0117,NA
1402,B61-7,0.0621,NA
1403,B61-8,0.0646,NA
1404,B61-9,0.0197,NA
1405,B61-10,0.0912,NA
1406,B61-11,0.1091,NA
1407,B61-12,0.0632,NA
1408,B62-1,0.0576,NA
1409,B62-2,0.0497,NA
1410,B62-3,0.1342,NA
1411,B62-4,0.1334,NA
1412,B62-5,0.1422,NA
1413,B62-6,0.065,NA
1414,B62-7,0.2151,NA
1415,B62-8,0.2593,NA
1416,B62-9,0.1752,NA
1417,B62-10,0.29,NA
1418,B62-11,0.2713,NA
1419,B62-12,0.1881,NA
1420,B63-1,0.1615,NA
1421,B63-2,0.2417,NA
1422,B63-3,0.13,NA
1423,B63-4,0.2588,NA
1424,B63-5,0.2382,NA
1425,B63-6,0.2461,NA
1426,B63-7,0.2336,NA
1427,B63-8,0.1843,NA
1428,B63-9,0.0363,NA
1429,B63-10,0.3183,NA
1430,B63-11,0.0254,NA
1431,B63-12,0.10567,NA
1432,B64-1,0.0967,NA
1433,B64-2,0.0291,NA
1434,B64-3,0.0308,NA
1435,B64-4,0.0223,NA
1436,B64-5,0.0823,NA
1437,B64-6,0.0143,NA
1438,B64-7,0.0242,NA
1439,B64-8,0.0382,NA
1440,B64-9,0.1609,NA
1441,B65-1,0.1196,NA
1442,B65-2,0.2308,NA
1443,B65-3,0.0784,NA
1444,B65-4,0.0761,NA
1445,B65-5,0.1067,NA
1446,B65-6,0.2037,NA
1447,B65-7,0.0578,NA
1448,B65-8,0.0584,NA
1449,B65-9,0.4215,NA
1450,B66-1,0.1274,NA
1451,B66-2,0.1234,NA
1452,B66-3,0.1091,NA
1453,B66-4,0.2842,NA
1454,B66-5,0.6044,NA
1455,B66-6,0.1354,NA
1456,B66-7,0.502,NA
1457,B66-8,0.0992,NA
1458,B66-9,0.0634,NA
1459,B67-1,0.1595,NA
1460,B67-2,0.0915,NA
1461,B67-3,0.0644,NA
1462,B67-4,0.0481,NA
1463,B67-5,0.0244,NA
1464,B67-6,0.0989,NA
1465,B67-7,0.0176,NA
1466,B67-8,0.0592,NA
1467,B67-9,0.0111,NA
1468,B67-10,0.0175,NA
1469,B67-11,0.022,NA
1470,B67-12,0.0146,NA
1471,B68-1,0.0654,NA
1472,B68-2,0.0736,NA
1473,B68-3,0.0499,NA
1474,B68-4,0.1425,NA
1475,B68-5,0.1449,NA
1476,B68-6,0.1874,NA
1477,B68-7,0.1024,NA
1478,B68-8,0.0396,NA
1479,B68-9,0.078,NA
1480,B68-10,0.0794,NA
1481,B68-11,0.1444,NA
1482,B68-12,0.2212,NA
1483,B69-1,0.2817,NA
1484,B69-2,0.4638,NA
1485,B69-3,0.1032,NA
1486,B69-4,0.0711,NA
1487,B69-5,0.0817,NA
1488,B69-6,0.0955,NA
1489,B69-7,0.0511,NA
1490,B69-8,0.2835,NA
1491,B69-9,0.2429,NA
1492,B69-10,0.3605,NA
1493,B69-11,0.2747,NA
1494,B69-12,0.0502,NA
1495,B70-1,0.0343,NA
1496,B70-2,0.0784,NA
1497,B70-3,0.02,NA
1498,B70-4,0.019,NA
1499,B70-5,0.0248,NA
1500,B70-6,0.0326,NA
1502,B70-8,0.0366,NA
1504,B70-10,0.0993,NA
1505,B70-11,0.018,NA
1506,B70-12,0.0285,NA
1507,B71-1,0.0441,NA
1508,B71-2,0.0767,NA
1509,B71-3,0.0455,NA
1510,B71-4,0.0834,NA
1511,B71-5,0.3013,NA
1512,B71-6,0.0484,NA
1513,B71-7,0.0555,NA
1514,B71-8,0.2114,NA
1515,B71-9,0.0901,NA
1516,B71-10,0.0371,NA
1517,B71-11,0.0887,NA
1518,B71-12,0.1102,NA
1519,B72-1,0.1493,NA
1520,B72-2,0.5894,NA
1521,B72-3,0.4106,NA
1522,B72-4,0.0498,NA
1523,B72-5,0.1006,NA
1524,B72-6,0.2869,NA
1525,B72-7,0.0444,NA
1526,B72-8,0.0163,NA
1527,B72-9,0.1028,NA
1528,B72-10,0.1088,NA
1529,B72-11,0.0495,NA
1530,B72-12,0.2091,NA
1531,B73-1,0.1221,NA
1532,B73-2,0.1173,NA
1533,B73-3,0.0804,NA
1534,B74-1,0.4866,NA
1535,B74-2,0.4512,NA
1536,B74-3,0.475,NA
1537,B75-1,0.9464,NA
1538,B75-2,0.3777,NA
1539,B75-3,0.9398,NA
1540,B76-1,0.0708,NA
1541,B76-2,0.0347,NA
1542,B76-3,0.0711,NA
1543,B76-4,0.063,NA
1544,B76-5,0.064,NA
1545,B76-6,0.0584,NA
1546,B77-1,0.2871,NA
1547,B77-2,0.2303,NA
1548,B77-3,0.2752,NA
1549,B77-4,0.2511,NA
1550,B77-5,0.1749,NA
1551,B77-6,0.1341,NA
1552,B78-1,0.5182,NA
1553,B78-2,0.5094,NA
1554,B78-3,0.4577,NA
1555,B78-4,0.5911,NA
1556,B78-5,0.4645,NA
1557,B78-6,0.4287,NA
1558,B79-1,0.032,NA
1559,B79-2,0.0523,NA
1560,B79-3,0.0305,NA
1561,B79-4,0.0317,NA
1562,B79-5,0.0599,NA
1563,B79-6,0.0522,NA
1564,B79-7,0.0661,NA
1565,B79-8,0.0242,NA
1566,B79-9,0.035,NA
1567,B80-1,0.1014,NA
1568,B80-2,0.2109,NA
1569,B80-3,0.1247,NA
1570,B80-4,0.2155,NA
1571,B80-5,0.1586,NA
1572,B80-6,0.1391,NA
1573,B80-7,0.1331,NA
1574,B80-8,0.2444,NA
1575,B80-9,0.1185,NA
1576,B81-1,0.2951,NA
1577,B81-2,0.2497,NA
1578,B81-3,0.3156,NA
1579,B81-4,0.3783,NA
1580,B81-5,0.2981,NA
1581,B81-6,0.282,NA
1582,B81-7,0.5274,NA
1583,B81-8,0.1998,NA
1584,B81-9,0.4275,NA
1585,B82-1,0.0452,NA
1586,B82-2,0.0225,NA
1587,B82-3,0.0221,NA
1588,B82-4,0.0676,NA
1589,B82-5,0.0325,NA
1590,B82-6,0.0295,NA
1591,B82-7,0.0405,NA
1592,B82-8,0.0312,NA
1593,B82-9,0.0404,NA
1594,B82-10,0.0643,NA
1595,B82-11,0.0445,NA
1597,B83-1,0.0677,NA
1598,B83-2,0.1178,NA
1599,B83-3,0.1208,NA
1600,B83-4,0.1044,NA
1601,B83-5,0.1144,NA
1602,B83-6,0.0554,NA
1603,B83-7,0.0704,NA
1604,B83-8,0.1934,NA
1605,B83-9,0.0904,NA
1606,B83-10,0.1418,NA
1607,B83-11,0.1177,NA
1608,B83-12,0.0944,NA
1609,B84-1,0.4612,NA
1610,B84-2,0.0859,NA
1611,B84-3,0.2693,NA
1612,B84-4,0.2054,NA
1613,B84-5,0.1559,NA
1614,B84-6,0.2465,NA
1615,B84-7,0.1803,NA
1616,B84-8,0.1564,NA
1617,B84-9,0.2662,NA
1618,B84-10,0.1787,NA
1619,B84-11,0.4764,NA
1620,B84-12,0.408,NA
1621,B85-1,0.0789,NA
1622,B85-2,0.0667,NA
1623,B85-3,0.0462,NA
1624,B85-4,0.0517,NA
1625,B85-5,0.0445,NA
1626,B85-6,0.0452,NA
1627,B86-1,0.1435,NA
1628,B86-2,0.2002,NA
1629,B86-3,0.205,NA
1630,B86-4,0.1294,NA
1631,B86-5,0.2636,NA
1632,B86-6,0.2184,NA
1633,B87-1,0.4752,NA
1634,B87-2,0.4458,NA
1635,B87-3,0.274,NA
1636,B87-4,0.2562,NA
1637,B87-5,0.3928,NA
1638,B87-6,0.4699,NA
1639,B88-1,0.04,NA
1640,B88-2,0.0792,NA
1641,B88-3,0.0271,NA
1642,B88-4,0.0367,NA
1643,B88-5,0.0333,NA
1644,B88-6,0.0312,NA
1645,B88-7,0.0443,NA
1646,B88-8,0.0306,NA
1647,B88-9,0.0292,NA
1648,B89-1,0.1684,NA
1649,B89-2,0.1127,NA
1650,B89-3,0.1326,NA
1652,B89-5,0.1847,NA
1653,B89-6,0.1357,NA
1654,B89-7,0.0835,NA
1655,B89-8,0.2088,NA
1656,B89-9,0.1916,NA
1657,B90-1,0.2952,NA
1658,B90-2,0.2256,NA
1659,B90-3,0.2207,NA
1660,B90-4,0.2362,NA
1661,B90-5,0.2849,NA
1662,B90-6,0.3434,NA
1663,B90-7,0.1905,NA
1664,B90-8,0.3538,NA
1665,B90-9,0.2863,NA
1666,B91-1,0.0324,NA
1667,B91-2,0.0142,NA
1668,B91-3,0.0418,NA
1669,B91-4,0.0223,NA
1670,B91-5,0.0306,NA
1671,B91-6,0.0247,NA
1672,B91-7,0.0122,NA
1673,B91-8,0.0383,NA
1674,B91-9,0.0469,NA
1675,B91-10,0.0218,NA
1676,B91-11,0.0523,NA
1677,B91-12,0.0332,NA
1678,B92-1,0.1006,NA
1679,B92-2,0.1313,NA
1680,B92-3,0.1206,NA
1681,B92-4,0.0786,NA
1682,B92-5,0.0883,NA
1683,B92-6,0.066,NA
1684,B92-7,0.0616,NA
1685,B92-8,0.0902,NA
1686,B92-9,0.1387,NA
1687,B92-10,0.0762,NA
1688,B92-11,0.0975,NA
1689,B92-12,0.1297,NA
1690,B93-1,0.1719,NA
1691,B93-2,0.1838,NA
1692,B93-3,0.2266,NA
1693,B93-4,0.1194,NA
1695,B93-6,0.1833,NA
1696,B93-7,0.2566,NA
1697,B93-8,0.1208,NA
1698,B93-9,0.1649,NA
1699,B93-10,0.1499,NA
1700,B93-11,0.2045,NA
1701,B93-12,0.2753,NA
1702,B94-1,0.0356,NA
1703,B94-2,0.0438,NA
1704,B94-3,0.0496,NA
1705,B94-4,0.0227,NA
1706,B94-5,0.0658,NA
1707,B94-6,0.0491,NA
1708,B94-7,0.0223,NA
1709,B94-8,0.0523,NA
1710,B94-9,0.0432,NA
1711,B95-1,0.1987,NA
1712,B95-2,0.1398,NA
1713,B95-3,0.0647,NA
1714,B95-4,0.1011,NA
1715,B95-5,0.0662,NA
1716,B95-6,0.1557,NA
1717,B95-7,0.0987,NA
1719,B95-9,0.1258,NA
1720,B96-1,0.1088,NA
1721,B96-2,0.3046,NA
1722,B96-3,0.2262,NA
1723,B96-4,0.2433,NA
1724,B96-5,0.2929,NA
1725,B96-6,0.235,NA
1726,B96-7,0.2593,NA
1727,B96-8,0.2445,NA
1728,B96-9,0.2148,NA
1729,B97-1,0.0242,NA
1731,B97-3,0.0191,NA
1732,B97-4,0.0152,NA
1733,B97-5,0.0134,NA
1734,B97-6,0.0116,NA
1735,B97-7,0.0195,NA
1736,B97-8,0.0355,NA
1737,B97-9,0.016,NA
1738,B97-10,0.0243,NA
1739,B97-11,0.0234,NA
1740,B97-12,0.0303,NA
1741,B98-1,0.1295,NA
1742,B98-2,0.1124,NA
1743,B98-3,0.1357,NA
1744,B98-4,0.0981,NA
1745,B98-5,0.099,NA
1746,B98-6,0.0814,NA
1747,B98-7,0.068,NA
1748,B98-8,0.0897,NA
1749,B98-9,0.1166,NA
1750,B98-10,0.0421,NA
1751,B98-11,0.0788,NA
1752,B98-12,0.1802,NA
1753,B99-1,0.1477,NA
1754,B99-2,0.1945,NA
1755,B99-3,0.0946,NA
1756,B99-4,0.1399,NA
1757,B99-5,0.0757,NA
1758,B99-6,0.29,NA
1759,B99-7,0.2127,NA
1760,B99-8,0.1719,NA
1761,B99-9,0.205,NA
1762,B99-10,0.2536,NA
1763,B99-11,0.0976,NA
1764,B99-12,0.2338,NA
1765,B100-1,0.0478,NA
1766,B100-2,0.0184,NA
1767,B100-3,0.0392,NA
1768,B100-4,0.0348,NA
1769,B100-5,0.0373,NA
1770,B100-6,0.0114,NA
1771,B100-7,0.0112,NA
1772,B100-8,0.0361,NA
1773,B100-9,0.0307,NA
1774,B100-10,0.0379,NA
1775,B100-11,0.013,NA
1776,B100-12,0.0325,NA
1777,B101-1,0.1462,NA
1778,B101-2,0.0372,NA
1779,B101-3,0.0738,NA
1780,B101-4,0.0341,NA
1781,B101-5,0.0523,NA
1782,B101-6,0.0723,NA
1783,B101-7,0.0917,NA
1784,B101-8,0.0949,NA
1785,B101-9,0.0694,NA
1786,B101-10,0.083,NA
1787,B101-11,0.1158,NA
1788,B101-12,0.0772,NA
1789,B102-1,0.2431,NA
1790,B102-2,0.1559,NA
1791,B102-3,0.1006,NA
1792,B102-4,0.305,NA
1793,B102-5,0.2848,NA
1794,B102-6,0.1892,NA
1795,B102-7,0.1544,NA
1796,B102-8,0.1033,NA
1797,B102-9,0.1703,NA
1798,B102-10,0.1675,NA
1799,B102-11,0.1899,NA
1800,B102-12,0.0548,NA
1801,C1-1,0.1425,NA
1802,C1-2,0.0427,NA
1803,C1-3,0.1248,NA
1804,C2-1,0.4109,NA
1805,C2-2,0.2839,NA
1806,C2-3,0.183,NA
1807,C3-1,0.8496,NA
1808,C3-2,0.2107,NA
1809,C3-3,0.7933,NA
1810,C4-1,0.0661,NA
1811,C4-2,0.0366,NA
1812,C4-3,0.0556,NA
1813,C4-4,0.0774,NA
1814,C4-5,0.0486,NA
1815,C4-6,0.0452,NA
1816,C5-1,0.101,NA
1817,C5-2,0.1036,NA
1818,C5-3,0.0908,NA
1819,C5-4,0.2605,NA
1820,C5-5,0.137,NA
1821,C5-6,0.2263,NA
1822,C6-1,0.4779,NA
1823,C6-2,0.2073,NA
1824,C6-3,0.1991,NA
1825,C6-4,0.0953,NA
1826,C6-5,0.291,NA
1827,C6-6,0.128,NA
1828,C7-1,0.0251,NA
1829,C7-2,0.0134,NA
1830,C7-3,0.0273,NA
1831,C7-4,0.06,NA
1832,C7-5,0.0295,NA
1833,C7-6,0.036,NA
1834,C7-7,0.0255,NA
1835,C7-8,0.0339,NA
1836,C7-9,0.0534,NA
1837,C8-1,0.1585,NA
1838,C8-2,0.0504,NA
1839,C8-3,0.1008,NA
1840,C8-4,0.1627,NA
1841,C8-5,0.0477,NA
1842,C8-6,0.0776,NA
1843,C8-7,0.0683,NA
1844,C8-8,0.0697,NA
1845,C8-9,0.1575,NA
1846,C9-1,0.0929,NA
1847,C9-2,0.228,NA
1848,C9-3,0.1149,NA
1849,C9-4,0.3196,NA
1850,C9-5,0.1566,NA
1851,C9-6,0.0674,NA
1852,C9-7,0.2007,NA
1853,C9-8,0.1535,NA
1854,C9-9,0.4474,NA
1855,C10-1,0.0491,NA
1856,C10-2,0.0229,NA
1857,C10-3,0.0381,NA
1858,C10-4,0.0363,NA
1859,C10-5,0.038,NA
1860,C10-6,0.026,NA
1861,C10-7,0.0278,NA
1862,C10-8,0.0334,NA
1863,C10-9,0.0254,NA
1864,C10-10,0.03,NA
1865,C10-11,0.016,NA
1866,C10-12,0.0256,NA
1867,C11-1,0.1224,NA
1868,C11-2,0.0825,NA
1869,C11-3,0.0766,NA
1870,C11-4,0.0439,NA
1871,C11-5,0.249,NA
1872,C11-6,0.0908,NA
1873,C11-7,0.0532,NA
1874,C11-8,0.0648,NA
1875,C11-9,0.0707,NA
1876,C11-10,0.0386,NA
1877,C11-11,0.1648,NA
1878,C11-12,0.1202,NA
1879,C12-1,0.1162,NA
1880,C12-2,0.1421,NA
1881,C12-3,0.0824,NA
1882,C12-4,0.1606,NA
1883,C12-5,0.1038,NA
1884,C12-6,0.1533,NA
1885,C12-7,0.1002,NA
1886,C12-8,0.0921,NA
1887,C12-9,0.0395,NA
1888,C12-10,0.2867,NA
1889,C12-11,0.2003,NA
1890,C12-12,0.3876,NA
1891,C13-1,0.1258,NA
1892,C13-2,0.0995,NA
1893,C13-3,0.1689,NA
1894,C14-1,0.4168,NA
1895,C14-2,0.5061,NA
1896,C14-3,0.1782,NA
1897,C15-1,0.4413,NA
1898,C15-2,0.8431,NA
1899,C15-3,0.5883,NA
1900,C16-1,0.0335,NA
1901,C16-2,0.0995,NA
1902,C16-3,0.0553,NA
1903,C16-4,0.0653,NA
1904,C16-5,0.0773,NA
1905,C16-6,0.0644,NA
1906,C17-1,0.1762,NA
1907,C17-2,0.2218,NA
1908,C17-3,0.2183,NA
1909,C17-4,0.1719,NA
1910,C17-5,0.1797,NA
1911,C17-6,0.1392,NA
1912,C18-1,0.3886,NA
1913,C18-2,0.3183,NA
1914,C18-3,0.217,NA
1915,C18-4,0.3786,NA
1916,C18-5,0.2508,NA
1917,C18-6,0.391,NA
1918,C19-1,0.0716,NA
1919,C19-2,0.0693,NA
1920,C19-3,0.085,NA
1921,C19-4,0.0575,NA
1922,C19-5,0.0663,NA
1923,C19-6,0.0511,NA
1925,C19-8,0.0657,NA
1926,C19-9,0.0228,NA
1927,C20-1,0.1175,NA
1928,C20-2,0.1796,NA
1929,C20-3,0.1267,NA
1930,C20-4,0.2018,NA
1931,C20-5,0.1925,NA
1932,C20-6,0.0782,NA
1933,C20-7,0.1633,NA
1934,C20-8,0.0543,NA
1935,C20-9,0.2127,NA
1936,C21-1,0.3398,NA
1937,C21-2,0.2313,NA
1938,C21-3,0.1912,NA
1939,C21-4,0.2184,NA
1940,C21-5,0.1992,NA
1941,C21-6,0.1802,NA
1942,C21-7,0.266,NA
1943,C21-8,0.2223,NA
1944,C21-9,0.2669,NA
1945,C22-1,0.0558,NA
1946,C22-2,0.0381,NA
1947,C22-3,0.0467,NA
1948,C22-4,0.0432,NA
1949,C22-5,0.0317,NA
1950,C22-6,0.046,NA
1951,C22-7,0.0401,NA
1952,C22-8,0.034,NA
1953,C22-9,0.0477,NA
1954,C22-10,0.0766,NA
1955,C22-11,0.0374,NA
1956,C22-12,0.0706,NA
1957,C23-1,0.2037,NA
1958,C23-2,0.027,NA
1959,C23-3,0.1379,NA
1960,C23-4,0.0867,NA
1961,C23-5,0.1119,NA
1962,C23-6,0.0521,NA
1963,C23-7,0.1078,NA
1964,C23-8,0.1039,NA
1965,C23-9,0.0804,NA
1966,C23-10,0.108,NA
1967,C23-11,0.0767,NA
1968,C23-12,0.1447,NA
1969,C24-1,0.1087,NA
1970,C24-2,0.2389,NA
1971,C24-3,0.1619,NA
1972,C24-4,0.157,NA
1973,C24-5,0.1197,NA
1974,C24-6,0.1101,NA
1975,C24-7,0.0943,NA
1976,C24-8,0.1071,NA
1977,C24-9,0.1402,NA
1978,C24-10,0.1851,NA
1979,C24-11,0.1903,NA
1980,C24-12,0.2634,NA
1981,C25-1,0.0891,NA
1982,C25-2,0.0731,NA
1983,C25-3,0.0278,NA
1984,C25-4,0.0498,NA
1985,C25-5,0.0393,NA
1986,C25-6,0.0412,NA
1987,C26-1,0.0476,NA
1988,C26-2,0.1091,NA
1989,C26-3,0.2533,NA
1990,C26-4,0.1972,NA
1991,C26-5,0.0522,NA
1992,C26-6,0.2616,NA
1993,C27-1,0.0997,NA
1994,C27-2,0.0957,NA
1995,C27-3,0.2138,NA
1996,C27-4,0.6621,NA
1997,C27-5,0.1063,NA
1998,C27-6,0.8931,NA
1999,C28-1,0.0644,NA
2000,C28-2,0.0284,NA
2001,C28-3,0.0463,NA
2002,C28-4,0.0287,NA
2003,C28-5,0.0216,NA
2004,C28-6,0.0307,NA
2005,C28-7,0.0961,NA
2006,C28-8,0.066,NA
2007,C28-9,0.0638,NA
2008,C29-1,0.163,NA
2010,C29-3,0.0663,NA
2011,C29-4,0.1441,NA
2012,C29-5,0.1364,NA
2013,C29-6,0.1348,NA
2014,C29-7,0.0615,NA
2015,C29-8,0.1059,NA
2016,C29-9,0.0847,NA
2017,C30-1,0.3435,NA
2018,C30-2,0.0955,NA
2019,C30-3,0.2232,NA
2020,C30-4,0.1774,NA
2021,C30-5,0.2106,NA
2022,C30-6,0.1315,NA
2023,C30-7,0.3016,NA
2024,C30-8,0.2759,NA
2025,C30-9,0.085,NA
2026,C31-1,0.0525,NA
2027,C31-2,0.0561,NA
2028,C31-3,0.0214,NA
2029,C31-4,0.0291,NA
2030,C31-5,0.0458,NA
2031,C31-6,0.0586,NA
2032,C31-7,0.0394,NA
2033,C31-8,0.0597,NA
2034,C31-9,0.0473,NA
2035,C31-10,0.0353,NA
2036,C31-11,0.0262,NA
2037,C31-12,0.0666,NA
2038,C32-1,0.0609,NA
2039,C32-2,0.0265,NA
2040,C32-3,0.0756,NA
2041,C32-4,0.0861,NA
2042,C32-5,0.1237,NA
2043,C32-6,0.1186,NA
2044,C32-7,0.107,NA
2045,C32-8,0.0807,NA
2046,C32-9,0.1424,NA
2047,C32-10,0.1421,NA
2048,C32-11,0.1951,NA
2049,C32-12,0.0262,NA
2050,C33-1,0.0979,NA
2051,C33-2,0.1441,NA
2052,C33-3,0.0565,NA
2053,C33-4,0.3314,NA
2054,C33-5,0.1953,NA
2055,C33-6,0.101,NA
2056,C33-7,0.0332,NA
2057,C33-8,0.3094,NA
2058,C33-9,0.1149,NA
2059,C33-10,0.3545,NA
2060,C33-11,0.2088,NA
2061,C33-12,0.1514,NA
2062,C34-1,0.015,NA
2063,C34-2,0.0273,NA
2064,C34-3,0.0266,NA
2066,C34-5,0.0964,NA
2067,C34-6,0.0296,NA
2068,C34-7,0.0586,NA
2069,C34-8,0.0615,NA
2070,C34-9,0.0389,NA
2071,C35-1,0.1167,NA
2072,C35-2,0.1525,NA
2073,C35-3,0.1988,NA
2074,C35-4,0.1008,NA
2075,C35-5,0.0574,NA
2076,C35-6,0.3014,NA
2077,C35-7,0.0545,NA
2079,C35-9,0.0554,NA
2080,C36-1,0.4848,NA
2081,C36-2,0.0642,NA
2082,C36-3,0.147,NA
2083,C36-4,0.1207,NA
2084,C36-5,0.1812,NA
2085,C36-6,0.1662,NA
2086,C36-7,0.1489,NA
2087,C36-8,0.0501,NA
2088,C36-9,0.1507,NA
2089,C37-1,0.0187,NA
2090,C37-2,0.0589,NA
2091,C37-3,0.0192,NA
2092,C37-4,0.0566,NA
2094,C37-6,0.0269,NA
2095,C37-7,0.0119,NA
2096,C37-8,0.0255,NA
2097,C37-9,0.018,NA
2098,C37-10,0.0744,NA
2099,C37-11,0.0484,NA
2100,C37-12,0.051,NA
2101,C38-1,0.0644,NA
2102,C38-2,0.1203,NA
2103,C38-3,0.0881,NA
2104,C38-4,0.0613,NA
2106,C38-6,0.0442,NA
2107,C38-7,0.0489,NA
2108,C38-8,0.1076,NA
2109,C38-9,0.073,NA
2110,C38-10,0.1481,NA
2111,C38-11,0.1693,NA
2112,C38-12,0.1981,NA
2113,C39-1,0.1728,NA
2114,C39-2,0.3196,NA
2116,C39-4,0.1404,NA
2118,C39-6,0.3682,NA
2119,C39-7,0.1747,NA
2120,C39-8,0.0446,NA
2121,C39-9,0.096,NA
2122,C39-10,0.133,NA
2123,C39-11,0.189,NA
2125,C40-1,0.0173,NA
2126,C40-2,0.0237,NA
2127,C40-3,0.0305,NA
2128,C40-4,0.023,NA
2129,C40-5,0.0411,NA
2130,C40-6,0.0166,NA
2131,C40-7,0.0274,NA
2132,C40-8,0.0277,NA
2133,C40-9,0.0533,NA
2134,C40-10,0.064,NA
2135,C40-11,0.0334,NA
2136,C40-12,0.036,NA
2138,C41-2,0.0951,NA
2139,C41-3,0.0515,NA
2140,C41-4,0.0565,NA
2141,C41-5,0.0766,NA
2142,C41-6,0.0769,NA
2143,C41-7,0.0766,NA
2144,C41-8,0.0523,NA
2145,C41-9,0.0777,NA
2146,C41-10,0.0953,NA
2147,C41-11,0.1853,NA
2148,C41-12,0.2269,NA
2149,C42-1,0.2451,NA
2150,C42-2,0.0802,NA
2151,C42-3,0.0978,NA
2152,C42-4,0.0711,NA
2153,C42-5,0.4342,NA
2154,C42-6,0.0585,NA
2155,C42-7,0.1038,NA
2156,C42-8,0.3053,NA
2157,C42-9,0.0377,NA
2158,C42-10,0.0028,NA
2159,C42-11,0.1387,NA
2161,C43-1,0.2007,NA
2162,C43-2,0.1699,NA
2163,C43-3,0.1313,NA
2164,C44-1,0.4675,NA
2165,C44-2,0.4251,NA
2166,C44-3,0.4772,NA
2167,C45-1,0.7151,NA
2168,C45-2,0.9804,NA
2169,C45-3,1.1115,NA
2170,C46-1,0.063,NA
2171,C46-2,0.0958,NA
2172,C46-3,0.117,NA
2173,C46-4,0.0766,NA
2174,C46-5,0.062,NA
2175,C46-6,0.17,NA
2176,C47-1,0.1066,NA
2177,C47-2,0.3489,NA
2178,C47-3,0.2568,NA
2179,C47-4,0.2581,NA
2180,C47-5,0.3512,NA
2181,C47-6,0.3078,NA
2182,C48-1,0.5525,NA
2183,C48-2,0.5237,NA
2184,C48-3,0.3895,NA
2185,C48-4,0.6357,NA
2186,C48-5,0.5178,NA
2187,C48-6,0.4056,NA
2188,C49-1,0.095,NA
2189,C49-2,0.065,NA
2190,C49-3,0.0915,NA
2191,C49-4,0.0688,NA
2192,C49-5,0.0553,NA
2193,C49-6,0.0617,NA
2194,C49-7,0.0445,NA
2195,C49-8,0.1148,NA
2196,C49-9,0.0657,NA
2197,C50-1,0.1709,NA
2198,C50-2,0.0966,NA
2199,C50-3,0.262,NA
2200,C50-4,0.2323,NA
2201,C50-5,0.1198,NA
2202,C50-6,0.2481,NA
2203,C50-7,0.1501,NA
2204,C50-8,0.189,NA
2205,C50-9,0.1748,NA
2206,C51-1,0.3319,NA
2207,C51-2,0.3939,NA
2208,C51-3,0.2683,NA
2209,C51-4,0.3173,NA
2210,C51-5,0.2992,NA
2211,C51-6,0.2626,NA
2212,C51-7,0.4607,NA
2213,C51-8,0.3394,NA
2214,C51-9,0.2481,NA
2215,C52-1,0.0491,NA
2216,C52-2,0.1119,NA
2217,C52-3,0.0564,NA
2218,C52-4,0.0572,NA
2219,C52-5,0.0728,NA
2220,C52-6,0.0305,NA
2221,C52-7,0.0348,NA
2222,C52-8,0.0568,NA
2223,C52-9,0.058,NA
2224,C52-10,0.0243,NA
2225,C52-11,0.0417,NA
2226,C52-12,0.0651,NA
2227,C53-1,0.0624,NA
2228,C53-2,0.2191,NA
2229,C53-3,0.1166,NA
2230,C53-4,0.116,NA
2231,C53-5,0.1147,NA
2232,C53-6,0.0955,NA
2233,C53-7,0.1119,NA
2234,C53-8,0.1068,NA
2235,C53-9,0.2104,NA
2236,C53-10,0.0923,NA
2237,C53-11,0.176,NA
2238,C53-12,0.2507,NA
2239,C54-1,0.3938,NA
2240,C54-2,0.2328,NA
2241,C54-3,0.1634,NA
2242,C54-4,0.3313,NA
2243,C54-5,0.0921,NA
2244,C54-6,0.2741,NA
2246,C54-8,0.171,NA
2247,C54-9,0.2251,NA
2248,C54-10,0.1743,NA
2249,C54-11,0.1881,NA
2250,C54-12,0.2571,NA
2251,C55-1,0.0129,NA
2252,C55-2,0.0339,NA
2253,C55-3,0.0292,NA
2255,C55-5,0.225,NA
2256,C55-6,0.1303,NA
2257,C56-1,0.1609,NA
2258,C56-2,0.1596,NA
2259,C56-3,0.1039,NA
2260,C56-4,0.3207,NA
2261,C56-5,0.2003,NA
2262,C56-6,0.3074,NA
2263,C57-1,0.1684,NA
2264,C57-2,0.5434,NA
2265,C57-3,0.3085,NA
2266,C57-4,0.7241,NA
2267,C57-5,0.0092,NA
2268,C57-6,0.1102,NA
2269,C58-1,0.0587,NA
2270,C58-2,0.0447,NA
2271,C58-3,0.099,NA
2272,C58-4,0.092,NA
2273,C58-5,0.0183,NA
2274,C58-6,0.1305,NA
2275,C58-7,0.1185,NA
2276,C58-8,0.01,NA
2277,C58-9,0.0174,NA
2278,C59-1,0.2421,NA
2280,C59-3,0.0898,NA
2281,C59-4,0.1241,NA
2282,C59-5,0.087,NA
2283,C59-6,0.2614,NA
2284,C59-7,0.1463,NA
2285,C59-8,0.2642,NA
2286,C59-9,0.2284,NA
2287,C60-1,0.2995,NA
2288,C60-2,0.436,NA
2289,C60-3,0.0742,NA
2290,C60-4,0.3609,NA
2291,C60-5,0.5036,NA
2292,C60-6,0.3053,NA
2293,C60-7,0.8075,NA
2295,C60-9,0.0464,NA
2296,C61-1,0.0414,NA
2297,C61-2,0.0109,NA
2298,C61-3,0.0658,NA
2299,C61-4,0.098,NA
2300,C61-5,0.0121,NA
2301,C61-6,0.0768,NA
2302,C61-7,0.0148,NA
2303,C61-8,0.069,NA
2304,C61-9,0.0436,NA
2305,C61-10,0.047,NA
2306,C61-11,0.0166,NA
2307,C61-12,0.0585,NA
2308,C62-1,0.048,NA
2309,C62-2,0.2558,NA
2310,C62-3,0.0491,NA
2311,C62-4,0.0538,NA
2312,C62-5,0.1718,NA
2313,C62-6,0.1236,NA
2314,C62-7,0.2064,NA
2315,C62-8,0.1153,NA
2316,C62-9,0.1159,NA
2317,C62-10,0.1585,NA
2318,C62-11,0.1217,NA
2319,C62-12,0.1802,NA
2320,C63-1,0.1802,NA
2321,C63-2,0.1096,NA
2322,C63-3,0.218,NA
2323,C63-4,0.3202,NA
2324,C63-5,0.12,NA
2325,C63-6,0.1872,NA
2326,C63-7,0.3196,NA
2327,C63-8,0.0601,NA
2328,C63-9,0.2771,NA
2329,C63-10,0.4221,NA
2330,C63-11,0.2441,NA
2331,C63-12,0.2862,NA
2332,C64-1,0.0928,NA
2333,C64-2,0.0325,NA
2334,C64-3,0.092,NA
2335,C64-4,0.1154,NA
2336,C64-5,0.0249,NA
2338,C64-7,0.0505,NA
2339,C64-8,0.0345,NA
2340,C64-9,0.0271,NA
2341,C65-1,0.1203,NA
2342,C65-2,0.311,NA
2343,C65-3,0.1066,NA
2344,C65-4,0.3344,NA
2345,C65-5,0.078,NA
2346,C65-6,0.0836,NA
2347,C65-7,0.0591,NA
2348,C65-8,0.0987,NA
2349,C65-9,0.0573,NA
2350,C66-1,0.173,NA
2351,C66-2,0.1267,NA
2352,C66-3,0.1778,NA
2353,C66-4,0.1535,NA
2354,C66-5,0.2048,NA
2355,C66-6,0.3692,NA
2356,C66-7,0.3939,NA
2357,C66-8,0.478,NA
2358,C66-9,0.1432,NA
2359,C67-1,0.0709,NA
2360,C67-2,0.0224,NA
2361,C67-3,0.0128,NA
2362,C67-4,0.0495,NA
2363,C67-5,0.0067,NA
2364,C67-6,0.022,NA
2365,C67-7,0.0656,NA
2366,C67-8,0.0351,NA
2367,C67-9,0.0229,NA
2368,C67-10,0.075,NA
2369,C67-11,0.0742,NA
2370,C67-12,0.0441,NA
2371,C68-1,0.1537,NA
2372,C68-2,0.0395,NA
2373,C68-3,0.0451,NA
2374,C68-4,0.0698,NA
2375,C68-5,0.0912,NA
2376,C68-6,0.0849,NA
2377,C68-7,0.1294,NA
2378,C68-8,0.3132,NA
2379,C68-9,0.2109,NA
2380,C68-10,0.0046,NA
2381,C68-11,0.0485,NA
2382,C68-12,0.2002,NA
2383,C69-1,0.0443,NA
2384,C69-2,0.1344,NA
2385,C69-3,0.0803,NA
2386,C69-4,0.0407,NA
2387,C69-5,0.2455,NA
2388,C69-6,0.1477,NA
2389,C69-7,0.3037,NA
2390,C69-8,0.3048,NA
2391,C69-9,0.0979,NA
2392,C69-10,0.1268,NA
2393,C69-11,0.4283,NA
2394,C69-12,0.4484,NA
2395,C70-1,0.0308,NA
2396,C70-2,0.0593,NA
2397,C70-3,0.0959,NA
2398,C70-4,0.0213,NA
2399,C70-5,0.0259,NA
2400,C70-6,0.0256,NA
2401,C70-7,0.0238,NA
2402,C70-8,0.0112,NA
2403,C70-9,0.0197,NA
2404,C70-10,0.1126,NA
2405,C70-11,0.0482,NA
2406,C70-12,0.0379,NA
2407,C71-1,0.068,NA
2408,C71-2,0.0787,NA
2409,C71-3,0.3916,NA
2410,C71-4,0.0468,NA
2412,C71-6,0.0519,NA
2413,C71-7,0.2024,NA
2415,C71-9,0.0714,NA
2416,C71-10,0.057,NA
2417,C71-11,0.0627,NA
2418,C71-12,0.0738,NA
2419,C72-1,0.0742,NA
2420,C72-2,0.066,NA
2421,C72-3,0.1439,NA
2422,C72-4,0.1703,NA
2423,C72-5,0.3339,NA
2424,C72-6,0.0331,NA
2425,C72-7,0.1528,NA
2426,C72-8,0.0654,NA
2427,C72-9,0.06,NA
2428,C72-10,0.5403,NA
2429,C72-11,0.4173,NA
2430,C72-12,0.1433,NA
2431,C73-1,0.1522,NA
2432,C73-2,0.1135,NA
2433,C73-3,0.1688,NA
2434,C74-1,0.5097,NA
2435,C74-2,0.5214,NA
2436,C74-3,0.5151,NA
2437,C75-1,0.8036,NA
2438,C75-2,0.7478,NA
2439,C75-3,0.601,NA
2440,C76-1,0.0823,NA
2441,C76-2,0.0531,NA
2442,C76-3,0.0515,NA
2443,C76-4,0.1075,NA
2444,C76-5,0.0585,NA
2445,C76-6,0.0409,NA
2446,C77-1,0.2971,NA
2447,C77-2,0.0877,NA
2448,C77-3,0.2588,NA
2449,C77-4,0.3753,NA
2451,C77-6,0.261,NA
2452,C78-1,0.7093,NA
2453,C78-2,0.6937,NA
2454,C78-3,0.8016,NA
2455,C78-4,0.4636,NA
2456,C78-5,0.2237,NA
2457,C78-6,0.4287,NA
2458,C79-1,0.0792,NA
2459,C79-2,0.0768,NA
2460,C79-3,0.0983,NA
2461,C79-4,0.0376,NA
2462,C79-5,0.0877,NA
2463,C79-6,0.0446,NA
2464,C79-7,0.0449,NA
2465,C79-8,0.0324,NA
2466,C79-9,0.1188,NA
2467,C80-1,0.124,NA
2468,C80-2,0.1512,NA
2469,C80-3,0.1721,NA
2470,C80-4,0.1347,NA
2471,C80-5,0.1162,NA
2472,C80-6,0.1617,NA
2473,C80-7,0.1762,NA
2474,C80-8,0.1196,NA
2475,C80-9,0.1855,NA
2476,C81-1,0.0629,NA
2477,C81-2,0.3022,NA
2478,C81-3,0.3558,NA
2479,C81-4,0.3938,NA
2480,C81-5,0.4922,NA
2481,C81-6,0.3365,NA
2482,C81-7,0.3728,NA
2483,C81-8,0.2572,NA
2484,C81-9,0.2799,NA
2485,C82-1,0.0252,NA
2486,C82-2,0.0568,NA
2487,C82-3,0.0163,NA
2488,C82-4,0.0381,NA
2489,C82-5,0.0316,NA
2490,C82-6,0.0807,NA
2491,C82-7,0.056,NA
2492,C82-8,0.0313,NA
2493,C82-9,0.0319,NA
2494,C82-10,0.0885,NA
2495,C82-11,0.0605,NA
2496,C82-12,0.0693,NA
2497,C83-1,0.16,NA
2498,C83-2,0.0774,NA
2499,C83-3,0.1575,NA
2500,C83-4,0.1439,NA
2501,C83-5,0.183,NA
2502,C83-6,0.1009,NA
2503,C83-7,0.1114,NA
2504,C83-8,0.1614,NA
2505,C83-9,0.1795,NA
2506,C83-10,0.1468,NA
2507,C83-11,0.2226,NA
2509,C84-1,0.2731,NA
2510,C84-2,0.347,NA
2511,C84-3,0.1807,NA
2512,C84-4,0.3939,NA
2513,C84-5,0.0951,NA
2514,C84-6,0.2194,NA
2515,C84-7,0.1893,NA
2516,C84-8,0.2162,NA
2517,C84-9,0.2689,NA
2518,C84-10,0.28,NA
2519,C84-11,0.2389,NA
2520,C84-12,0.2145,NA
2521,C85-1,0.0555,NA
2522,C85-2,0.0415,NA
2523,C85-3,0.0623,NA
2525,C85-5,0.0989,NA
2526,C85-6,0.0317,NA
2527,C86-1,0.2278,NA
2528,C86-2,0.085,NA
2529,C86-3,0.0706,NA
2530,C86-4,0.2165,NA
2531,C86-5,0.1821,NA
2532,C86-6,0.1967,NA
2533,C87-1,0.4364,NA
2534,C87-2,0.713,NA
2535,C87-3,0.2713,NA
2536,C87-4,0.2258,NA
2537,C87-5,0.4518,NA
2538,C87-6,0.3244,NA
2539,C88-1,0.0399,NA
2540,C88-2,0.066,NA
2541,C88-3,0.0727,NA
2542,C88-4,0.0725,NA
2543,C88-5,0.0464,NA
2544,C88-6,0.0246,NA
2545,C88-7,0.0167,NA
2546,C88-8,0.0649,NA
2548,C89-1,0.1477,NA
2549,C89-2,0.0706,NA
2550,C89-3,0.1334,NA
2551,C89-4,0.1016,NA
2552,C89-5,0.0887,NA
2553,C89-6,0.1986,NA
2554,C89-7,0.0863,NA
2555,C89-8,0.1593,NA
2556,C89-9,0.2486,NA
2557,C90-1,0.1835,NA
2558,C90-2,0.1816,NA
2559,C90-3,0.1588,NA
2560,C90-4,0.3656,NA
2561,C90-5,0.2327,NA
2562,C90-6,0.2902,NA
2563,C90-7,0.1614,NA
2564,C90-8,0.2631,NA
2565,C90-9,0.5873,NA
2566,C91-1,0.042,NA
2567,C91-2,0.0349,NA
2568,C91-3,0.0299,NA
2569,C91-4,0.025,NA
2570,C91-5,0.0306,NA
2571,C91-6,0.0255,NA
2572,C91-7,0.0343,NA
2573,C91-8,0.0673,NA
2574,C91-9,0.0276,NA
2575,C91-10,0.0292,NA
2576,C91-11,0.0292,NA
2577,C91-12,0.0215,NA
2578,C92-1,0.0822,NA
2579,C92-2,0.0746,NA
2580,C92-3,0.0915,NA
2581,C92-4,0.095,NA
2582,C92-5,0.0415,NA
2583,C92-6,0.0718,NA
2584,C92-7,0.028,NA
2585,C92-8,0.0656,NA
2587,C92-10,0.1882,NA
2588,C92-11,0.0875,NA
2589,C92-12,0.2735,NA
2590,C93-1,0.2338,NA
2591,C93-2,0.1956,NA
2592,C93-3,0.1865,NA
2593,C93-4,0.1785,NA
2594,C93-5,0.1386,NA
2595,C93-6,0.1534,NA
2596,C93-7,0.1594,NA
2597,C93-8,0.1575,NA
2598,C93-9,0.1826,NA
2599,C93-10,0.17,NA
2600,C93-11,0.4333,NA
2601,C93-12,0.2085,NA
2602,C94-1,0.0415,NA
2603,C94-2,0.029,NA
2604,C94-3,0.0363,NA
2605,C94-4,0.0611,NA
2606,C94-5,0.039,NA
2607,C94-6,0.0572,NA
2608,C94-7,0.0139,NA
2609,C94-8,0.0449,NA
2610,C94-9,0.0552,NA
2611,C95-1,0.1669,NA
2612,C95-2,0.1432,NA
2613,C95-3,0.1018,NA
2614,C95-4,0.0948,NA
2615,C95-5,0.1154,NA
2616,C95-6,0.0988,NA
2617,C95-7,0.1117,NA
2618,C95-8,0.0369,NA
2619,C95-9,0.114,NA
2620,C96-1,0.3115,NA
2621,C96-2,0.0251,NA
2622,C96-3,0.1271,NA
2623,C96-4,0.3757,NA
2624,C96-5,0.0948,NA
2625,C96-6,0.1169,NA
2626,C96-7,0.3485,NA
2627,C96-8,0.1116,NA
2628,C96-9,0.1388,NA
2629,C97-1,0.0016,NA
2630,C97-2,0.0148,NA
2632,C97-4,0.0262,NA
2633,C97-5,0.0186,NA
2634,C97-6,0.0319,NA
2635,C97-7,0.0149,NA
2636,C97-8,0.0327,NA
2637,C97-9,0.0346,NA
2638,C97-10,0.0282,NA
2639,C97-11,0.067,NA
2641,C98-1,0.1096,NA
2642,C98-2,0.114,NA
2643,C98-3,0.1569,NA
2644,C98-4,0.0713,NA
2645,C98-5,0.0882,NA
2646,C98-6,0.0505,NA
2647,C98-7,0.1231,NA
2648,C98-8,0.0989,NA
2649,C98-9,0.0769,NA
2650,C98-10,0.0282,NA
2651,C98-11,0.0578,NA
2652,C98-12,0.0766,NA
2653,C99-1,0.1778,NA
2654,C99-2,0.1891,NA
2655,C99-3,0.1265,NA
2656,C99-4,0.093,NA
2657,C99-5,0.3059,NA
2658,C99-6,0.1344,NA
2659,C99-7,0.1797,NA
2660,C99-8,0.2144,NA
2661,C99-9,0.1585,NA
2662,C99-10,0.2968,NA
2664,C99-12,0.0879,NA
2665,C100-1,0.0609,NA
2666,C100-2,0.0291,NA
2667,C100-3,0.0092,NA
2668,C100-4,0.029,NA
2669,C100-5,0.0347,NA
2670,C100-6,0.0329,NA
2671,C100-7,0.017,NA
2672,C100-8,0.0338,NA
2673,C100-9,0.0154,NA
2674,C100-10,0.0318,NA
2675,C100-11,0.0443,NA
2676,C100-12,0.0447,NA
2677,C101-1,0.0259,NA
2678,C101-2,0.1526,NA
2679,C101-3,0.125,NA
2682,C101-6,0.1539,NA
2683,C101-7,0.0913,NA
2684,C101-8,0.0568,NA
2685,C101-9,0.0829,NA
2686,C101-10,0.1095,NA
2687,C101-11,0.0948,NA
2688,C101-12,0.1125,NA
2689,C102-1,0.2142,NA
2690,C102-2,0.1649,NA
2691,C102-3,0.2442,NA
2692,C102-4,0.1933,NA
2693,C102-5,0.3072,NA
2694,C102-6,0.0502,NA
2695,C102-7,0.0432,NA
2696,C102-8,0.0948,NA
2697,C102-9,0.091,NA
2698,C102-10,0.2303,NA
2699,C102-11,0.0924,NA
2700,C102-12,0.0938,NA
2701,D1-1,0.0489,NA
2702,D1-2,0.0888,NA
2703,D1-3,0.1389,NA
2704,D2-1,0.1894,NA
2705,D2-2,0.1344,NA
2706,D2-3,0.3288,NA
2707,D3-1,0.744,NA
2708,D3-2,0.1378,NA
2709,D3-3,0.056,NA
2710,D4-1,0.0435,NA
2711,D4-2,0.0179,NA
2712,D4-3,0.0145,NA
2713,D4-4,0.0337,NA
2714,D4-5,0.0335,NA
2715,D4-6,0.0134,NA
2716,D5-1,0.0249,NA
2717,D5-2,0.0453,NA
2718,D5-3,0.0805,NA
2719,D5-4,0.1686,NA
2720,D5-5,0.074,NA
2721,D5-6,0.1422,NA
2722,D6-1,0.2306,NA
2723,D6-2,0.3375,NA
2724,D6-3,0.1769,NA
2725,D6-4,0.2552,NA
2726,D6-5,0.2214,NA
2727,D6-6,0.1062,NA
2728,D7-1,0.0454,NA
2729,D7-2,0.0264,NA
2730,D7-3,0.0092,NA
2731,D7-4,0.0283,NA
2732,D7-5,0.0328,NA
2733,D7-6,0.0239,NA
2734,D7-7,0.0293,NA
2735,D7-8,0.0247,NA
2736,D7-9,0.033,NA
2737,D8-1,0.0663,NA
2738,D8-2,0.0579,NA
2739,D8-3,0.0787,NA
2740,D8-4,0.0363,NA
2741,D8-5,0.0675,NA
2742,D8-6,0.0742,NA
2743,D8-7,0.0292,NA
2744,D8-8,0.0815,NA
2745,D8-9,0.2319,NA
2746,D9-1,0.3085,NA
2747,D9-2,0.1107,NA
2748,D9-3,0.1285,NA
2749,D9-4,0.0721,NA
2750,D9-5,0.1119,NA
2751,D9-6,0.3164,NA
2752,D9-7,0.0315,NA
2753,D9-8,0.1417,NA
2754,D9-9,0.1201,NA
2755,D10-1,0.0242,NA
2756,D10-2,0.0404,NA
2757,D10-3,0.018,NA
2758,D10-4,0.0226,NA
2759,D10-5,0.0073,NA
2760,D10-6,0.0265,NA
2761,D10-7,0.0109,NA
2762,D10-8,0.0199,NA
2763,D10-9,0.0301,NA
2764,D10-10,0.0324,NA
2765,D10-11,0.0276,NA
2766,D10-12,0.0591,NA
2767,D11-1,0.0567,NA
2768,D11-2,0.0773,NA
2769,D11-3,0.0815,NA
2770,D11-4,0.1119,NA
2771,D11-5,0.0426,NA
2772,D11-6,0.0422,NA
2773,D11-7,0.0432,NA
2774,D11-8,0.047,NA
2775,D11-9,0.0361,NA
2776,D11-10,0.0855,NA
2777,D11-11,0.0727,NA
2778,D11-12,0.0643,NA
2779,D12-1,0.0488,NA
2780,D12-2,0.055,NA
2781,D12-3,0.0899,NA
2782,D12-4,0.183,NA
2783,D12-5,0.191,NA
2784,D12-6,0.0768,NA
2785,D12-7,0.0675,NA
2786,D12-8,0.1112,NA
2787,D12-9,0.057,NA
2788,D12-10,0.1724,NA
2789,D12-11,0.0622,NA
2790,D12-12,0.0703,NA
2791,D13-1,0.1247,NA
2792,D13-2,0.0803,NA
2793,D13-3,0.2049,NA
2794,D14-1,0.3153,NA
2795,D14-2,0.486,NA
2796,D14-3,0.1255,NA
2797,D15-1,0.6474,NA
2798,D15-2,0.9306,NA
2799,D15-3,0.2026,NA
2800,D16-1,0.0635,NA
2801,D16-2,0.0819,NA
2802,D16-3,0.0701,NA
2803,D16-4,0.0547,NA
2804,D16-5,0.04,NA
2805,D16-6,0.0981,NA
2806,D17-1,0.1099,NA
2807,D17-2,0.2984,NA
2808,D17-3,0.1466,NA
2809,D17-4,0.1402,NA
2810,D17-5,0.2572,NA
2811,D17-6,0.1845,NA
2812,D18-1,0.3661,NA
2813,D18-2,0.3249,NA
2814,D18-3,0.4474,NA
2815,D18-4,0.4525,NA
2816,D18-5,0.0521,NA
2817,D18-6,0.4842,NA
2818,D19-1,0.032,NA
2819,D19-2,0.0369,NA
2820,D19-3,0.0484,NA
2821,D19-4,0.0618,NA
2822,D19-5,0.052,NA
2823,D19-6,0.0339,NA
2824,D19-7,0.0691,NA
2825,D19-8,0.0714,NA
2826,D19-9,0.0636,NA
2827,D20-1,0.0802,NA
2828,D20-2,0.1642,NA
2829,D20-3,0.122,NA
2830,D20-4,0.1003,NA
2831,D20-5,0.0885,NA
2832,D20-6,0.1357,NA
2833,D20-7,0.087,NA
2834,D20-8,0.1852,NA
2835,D20-9,0.2233,NA
2836,D21-1,0.0806,NA
2837,D21-2,0.1254,NA
2838,D21-3,0.1924,NA
2839,D21-4,0.1388,NA
2840,D21-5,0.1825,NA
2841,D21-6,0.1957,NA
2842,D21-7,0.1593,NA
2843,D21-8,0.1831,NA
2844,D21-9,0.2764,NA
2845,D22-1,0.0318,NA
2846,D22-2,0.0386,NA
2847,D22-3,0.0427,NA
2848,D22-4,0.0236,NA
2849,D22-5,0.0386,NA
2850,D22-6,0.0342,NA
2851,D22-7,0.0431,NA
2852,D22-8,0.0342,NA
2853,D22-9,0.0534,NA
2854,D22-10,0.0355,NA
2855,D22-11,0.0467,NA
2856,D22-12,0.0437,NA
2857,D23-1,0.0263,NA
2858,D23-2,0.1106,NA
2859,D23-3,0.1019,NA
2860,D23-4,0.1116,NA
2861,D23-5,0.0782,NA
2862,D23-6,0.1181,NA
2863,D23-7,0.0892,NA
2864,D23-8,0.1396,NA
2865,D23-9,0.0245,NA
2866,D23-10,0.1941,NA
2867,D23-11,0.1343,NA
2868,D23-12,0.085,NA
2869,D24-1,0.1928,NA
2870,D24-2,0.156,NA
2871,D24-3,0.1112,NA
2872,D24-4,0.1078,NA
2873,D24-5,0.164,NA
2874,D24-6,0.1478,NA
2875,D24-7,0.1484,NA
2876,D24-8,0.1502,NA
2877,D24-9,0.0536,NA
2878,D24-10,0.1022,NA
2879,D24-11,0.2171,NA
3601,D24-13,0.17,NA
2880,D24-12,0.1296,NA
2881,D25-1,0.0651,NA
2882,D25-2,0.0191,NA
2883,D25-3,0.0325,NA
2884,D25-4,0.1211,NA
2885,D25-5,0.0377,NA
2886,D25-6,0.1092,NA
2887,D26-1,0.0522,NA
2888,D26-2,0.0735,NA
2889,D26-3,0.0737,NA
2890,D26-4,0.1873,NA
2891,D26-5,0.2095,NA
2892,D26-6,0.3079,NA
2893,D27-1,0.1136,NA
2894,D27-2,0.5438,NA
2895,D27-3,0.0654,NA
2896,D27-4,0.2556,NA
2897,D27-5,0.0948,NA
2898,D27-6,0.4374,NA
2899,D28-1,0.0078,NA
2900,D28-2,0.0326,NA
2901,D28-3,0.0297,NA
2902,D28-4,5.00E-04,NA
2903,D28-5,0.0433,NA
2904,D28-6,0.0482,NA
2905,D28-7,0.0498,NA
2906,D28-8,0.0035,NA
2907,D28-9,0.0737,NA
2909,D29-2,0.1759,NA
2910,D29-3,0.0158,NA
2911,D29-4,0.0529,NA
2912,D29-5,0.0461,NA
2913,D29-6,0.238,NA
2914,D29-7,0.2303,NA
2915,D29-8,0.0953,NA
2916,D29-9,0.2134,NA
2917,D30-1,0.291,NA
2918,D30-2,0.1144,NA
2919,D30-3,0.5315,NA
2920,D30-4,0.1993,NA
2921,D30-5,0.1395,NA
2922,D30-6,0.1851,NA
2923,D30-7,0.3694,NA
2924,D30-8,0.4653,NA
2925,D30-9,0.0522,NA
2926,D31-1,0.0527,NA
2927,D31-2,0.012,NA
2928,D31-3,0.0213,NA
2929,D31-4,0.0487,NA
2930,D31-5,0.0579,NA
2931,D31-6,0.0418,NA
2932,D31-7,0.054,NA
2933,D31-8,0.0288,NA
2934,D31-9,0.0844,NA
2935,D31-10,0.007,NA
2936,D31-11,0.0437,NA
2937,D31-12,0.0505,NA
2938,D32-1,0.1244,NA
2939,D32-2,0.062,NA
2940,D32-3,0.1023,NA
2941,D32-4,0.1363,NA
2943,D32-6,0.1907,NA
2944,D32-7,0.1023,NA
2946,D32-9,0.1015,NA
2947,D32-10,0.1255,NA
2948,D32-11,0.0448,NA
2949,D32-12,0.0232,NA
2950,D33-1,0.2139,NA
2951,D33-2,0.0204,NA
2952,D33-3,0.1258,NA
2953,D33-4,0.2499,NA
2954,D33-5,0.0535,NA
2955,D33-6,0.2398,NA
2956,D33-7,0.2645,NA
2957,D33-8,0.274,NA
2958,D33-9,0.1162,NA
2959,D33-10,0.3038,NA
2960,D33-11,0.2922,NA
2961,D33-12,0.2582,NA
2962,D34-1,0.0195,NA
2963,D34-2,0.0254,NA
2964,D34-3,0.0142,NA
2965,D34-4,0.0699,NA
2966,D34-5,0.0338,NA
2967,D34-6,0.0894,NA
2968,D34-7,0.1032,NA
2969,D34-8,0.0259,NA
2970,D34-9,0.0558,NA
2971,D35-1,0.1054,NA
2972,D35-2,0.0588,NA
2973,D35-3,0.1023,NA
2974,D35-4,0.2005,NA
2975,D35-5,0.0957,NA
2976,D35-6,0.0453,NA
2977,D35-7,0.171,NA
2978,D35-8,0.2422,NA
2979,D35-9,0.077,NA
2980,D36-1,0.0513,NA
2981,D36-2,0.0489,NA
2982,D36-3,0.5049,NA
2983,D36-4,0.0815,NA
2984,D36-5,0.3345,NA
2985,D36-6,0.0954,NA
2986,D36-7,0.0755,NA
2987,D36-8,0.0905,NA
2988,D36-9,0.4101,NA
2989,D37-1,0.0138,NA
2990,D37-2,0.0635,NA
2991,D37-3,0.0691,NA
2992,D37-4,0.0281,NA
2993,D37-5,0.0268,NA
2994,D37-6,0.1184,NA
2995,D37-7,0.0782,NA
2996,D37-8,0.0176,NA
2997,D37-9,0.0163,NA
2998,D37-10,0.0327,NA
2999,D37-11,0.0412,NA
3000,D37-12,0.0202,NA
3001,D38-1,0.0446,NA
3002,D38-2,0.023,NA
3003,D38-3,0.0259,NA
3004,D38-4,0.2095,NA
3005,D38-5,0.1152,NA
3006,D38-6,0.1362,NA
3007,D38-7,0.1213,NA
3008,D38-8,0.0449,NA
3009,D38-9,0.0238,NA
3010,D38-10,0.1272,NA
3011,D38-11,0.015,NA
3012,D38-12,0.1943,NA
3013,D39-1,0.0315,NA
3014,D39-2,0.3308,NA
3015,D39-3,0.0229,NA
3016,D39-4,0.0022,NA
3017,D39-5,0.089,NA
3018,D39-6,0.2665,NA
3019,D39-7,0.213,NA
3020,D39-8,0.3055,NA
3021,D39-9,0.1323,NA
3022,D39-10,0.0615,NA
3023,D39-11,0.0381,NA
3024,D39-12,0.4268,NA
3025,D40-1,0.0179,NA
3026,D40-2,0.0104,NA
3027,D40-3,0.183,NA
3028,D40-4,0.0167,NA
3029,D40-5,0.0311,NA
3030,D40-6,0.0217,NA
3031,D40-7,0.0706,NA
3032,D40-8,0.0182,NA
3033,D40-9,0.0182,NA
3034,D40-10,0.0373,NA
3035,D40-11,0.0967,NA
3036,D40-12,0.0235,NA
3037,D41-1,0.0377,NA
3038,D41-2,0.1014,NA
3039,D41-3,0.0573,NA
3040,D41-4,0.0343,NA
3041,D41-5,0.1795,NA
3042,D41-6,0.1248,NA
3043,D41-7,0.1043,NA
3044,D41-8,0.0371,NA
3045,D41-9,0.0565,NA
3046,D41-10,0.105,NA
3047,D41-11,0.0441,NA
3048,D41-12,0.2916,NA
3049,D42-1,0.0434,NA
3050,D42-2,0.1855,NA
3051,D42-3,0.0773,NA
3052,D42-4,0.1899,NA
3053,D42-5,0.0643,NA
3054,D42-6,0.1295,NA
3055,D42-7,0.3577,NA
3056,D42-8,0.1337,NA
3057,D42-9,0.0922,NA
3058,D42-10,0.5427,NA
3059,D42-11,0.0482,NA
3060,D42-12,0.1206,NA
3061,D43-1,0.1114,NA
3062,D43-2,0.1754,NA
3063,D43-3,0.145,NA
3064,D44-1,0.4409,NA
3065,D44-2,0.4341,NA
3066,D44-3,0.529,NA
3067,D45-1,0.7904,NA
3068,D45-2,0.354,NA
3069,D45-3,1.2915,NA
3070,D46-1,0.1151,NA
3071,D46-2,0.1503,NA
3072,D46-3,0.0234,NA
3073,D46-4,0.114,NA
3074,D46-5,0.1091,NA
3075,D46-6,0.0499,NA
3076,D47-1,0.2563,NA
3077,D47-2,0.2077,NA
3078,D47-3,0.1231,NA
3079,D47-4,0.3424,NA
3080,D47-5,0.2764,NA
3081,D47-6,0.2446,NA
3082,D48-1,0.5132,NA
3083,D48-2,0.2576,NA
3084,D48-3,0.5212,NA
3085,D48-4,0.2727,NA
3086,D48-5,0.4621,NA
3087,D48-6,0.2191,NA
3088,D49-1,0.0519,NA
3089,D49-2,0.0584,NA
3090,D49-3,0.0644,NA
3091,D49-4,0.0395,NA
3092,D49-5,0.0609,NA
3093,D49-6,0.0647,NA
3094,D49-7,0.0465,NA
3095,D49-8,0.0418,NA
3096,D49-9,0.0621,NA
3097,D50-1,0.108,NA
3098,D50-2,0.2387,NA
3099,D50-3,0.0322,NA
3100,D50-4,0.0498,NA
3101,D50-5,0.2659,NA
3102,D50-6,0.1935,NA
3103,D50-7,0.0921,NA
3104,D50-8,0.2687,NA
3105,D50-9,0.284,NA
3106,D51-1,0.3875,NA
3107,D51-2,0.196,NA
3108,D51-3,0.3175,NA
3109,D51-4,0.2676,NA
3110,D51-5,0.4911,NA
3111,D51-6,0.2309,NA
3112,D51-7,0.1807,NA
3113,D51-8,0.2462,NA
3114,D51-9,0.3215,NA
3115,D52-1,0.0957,NA
3116,D52-2,0.0649,NA
3117,D52-3,0.0303,NA
3118,D52-4,0.0536,NA
3119,D52-5,0.1045,NA
3120,D52-6,0.0352,NA
3121,D52-7,0.0323,NA
3122,D52-8,0.0454,NA
3123,D52-9,0.042,NA
3124,D52-10,0.0867,NA
3125,D52-11,0.0462,NA
3126,D52-12,0.0651,NA
3127,D53-1,0.097,NA
3128,D53-2,0.1756,NA
3129,D53-3,0.1933,NA
3130,D53-4,0.1476,NA
3131,D53-5,0.1218,NA
3132,D53-6,0.0795,NA
3133,D53-7,0.2217,NA
3134,D53-8,0.0833,NA
3135,D53-9,0.0932,NA
3136,D53-10,0.1322,NA
3137,D53-11,0.0905,NA
3138,D53-12,0.0995,NA
3139,D54-1,0.1536,NA
3140,D54-2,0.1341,NA
3141,D54-3,0.1606,NA
3142,D54-4,0.0874,NA
3143,D54-5,0.3222,NA
3144,D54-6,0.1993,NA
3145,D54-7,0.1826,NA
3146,D54-8,0.2603,NA
3147,D54-9,0.2007,NA
3148,D54-10,0.1835,NA
3149,D54-11,0.2445,NA
3150,D54-12,0.2673,NA
3151,D55-1,0.1099,NA
3152,D55-2,0.0206,NA
3153,D55-3,0.0852,NA
3154,D55-4,0.1047,NA
3155,D55-5,0.0567,NA
3156,D55-6,0.0201,NA
3157,D56-1,0.2202,NA
3158,D56-2,0.4294,NA
3159,D56-3,0.0265,NA
3160,D56-4,0.0595,NA
3161,D56-5,0.3852,NA
3162,D56-6,0.0781,NA
3163,D57-1,0.1238,NA
3164,D57-2,0.0964,NA
3165,D57-3,0.5618,NA
3166,D57-4,0.8551,NA
3167,D57-5,0.4824,NA
3168,D57-6,0.0081,NA
3169,D58-1,0.0353,NA
3170,D58-2,0.1322,NA
3171,D58-3,0.0459,NA
3172,D58-4,0.0873,NA
3173,D58-5,0.0206,NA
3174,D58-6,0.0434,NA
3175,D58-7,0.0289,NA
3176,D58-8,0.0134,NA
3177,D58-9,0.0718,NA
3178,D59-1,0.0271,NA
3179,D59-2,0.3405,NA
3181,D59-4,0.0617,NA
3182,D59-5,0.1133,NA
3183,D59-6,0.0675,NA
3184,D59-7,0.276,NA
3185,D59-8,0.1363,NA
3186,D59-9,0.1819,NA
3187,D60-1,0.4566,NA
3188,D60-2,0.0604,NA
3189,D60-3,0.2117,NA
3190,D60-4,0.1073,NA
3191,D60-5,0.3814,NA
3192,D60-6,0.141,NA
3193,D60-7,0.4249,NA
3194,D60-8,0.2676,NA
3195,D60-9,0.349,NA
3196,D61-1,0.0523,NA
3197,D61-2,0.0523,NA
3198,D61-3,0.0481,NA
3199,D61-4,0.0127,NA
3200,D61-5,0.0193,NA
3201,D61-6,0.072,NA
3202,D61-7,0.0241,NA
3203,D61-8,0.0654,NA
3204,D61-9,0.0226,NA
3205,D61-10,0.0187,NA
3206,D61-11,0.0952,NA
3207,D61-12,0.0682,NA
3208,D62-1,0.0246,NA
3209,D62-2,0.0863,NA
3210,D62-3,0.0542,NA
3211,D62-4,0.0947,NA
3212,D62-5,0.22,NA
3213,D62-6,0.1354,NA
3214,D62-7,0.0815,NA
3215,D62-8,0.0615,NA
3216,D62-9,0.1136,NA
3217,D62-10,0.1911,NA
3218,D62-11,0.0424,NA
3219,D62-12,0.0157,NA
3220,D63-1,0.0955,NA
3221,D63-2,0.3279,NA
3222,D63-3,0.0361,NA
3223,D63-4,0.2158,NA
3224,D63-5,0.2491,NA
3225,D63-6,0.0045,NA
3226,D63-7,0.1175,NA
3227,D63-8,0.3559,NA
3228,D63-9,0.3066,NA
3229,D63-10,0.134,NA
3230,D63-11,0.4303,NA
3231,D63-12,0.2853,NA
3232,D64-1,0.0988,NA
3233,D64-2,0.0091,NA
3234,D64-3,0.0058,NA
3235,D64-4,0.1333,NA
3236,D64-5,0.0928,NA
3237,D64-6,0.0255,NA
3238,D64-7,0.0285,NA
3239,D64-8,0.0041,NA
3240,D64-9,0.0167,NA
3241,D65-1,0.0399,NA
3242,D65-2,0.0499,NA
3243,D65-3,0.2283,NA
3244,D65-4,0.0577,NA
3245,D65-5,0.059,NA
3246,D65-6,0.0251,NA
3247,D65-7,0.1429,NA
3248,D65-8,0.3085,NA
3249,D65-9,0.062,NA
3250,D66-1,0.0784,NA
3251,D66-2,0.0944,NA
3252,D66-3,0.1215,NA
3253,D66-4,0.2228,NA
3254,D66-5,0.3565,NA
3255,D66-6,0.05,NA
3256,D66-7,0.073,NA
3257,D66-8,0.0786,NA
3258,D66-9,0.7411,NA
3259,D67-1,0.0356,NA
3260,D67-2,0.0466,NA
3261,D67-3,0.0363,NA
3262,D67-4,0.0108,NA
3263,D67-5,0.0829,NA
3264,D67-6,0.0114,NA
3265,D67-7,0.0161,NA
3266,D67-8,0.1198,NA
3267,D67-9,0.0184,NA
3268,D67-10,0.0097,NA
3269,D67-11,0.0871,NA
3270,D67-12,0.0131,NA
3271,D68-1,0.0783,NA
3272,D68-2,0.1944,NA
3273,D68-3,0.1688,NA
3274,D68-4,0.0757,NA
3275,D68-5,0.0596,NA
3276,D68-6,0.056,NA
3277,D68-7,0.0222,NA
3278,D68-8,0.1117,NA
3279,D68-9,0.2301,NA
3280,D68-10,0.1076,NA
3281,D68-11,0.0401,NA
3282,D68-12,0.0871,NA
3283,D69-1,0.1522,NA
3284,D69-2,0.2728,NA
3285,D69-3,0.2837,NA
3286,D69-4,0.0775,NA
3287,D69-5,0.0112,NA
3288,D69-6,0.035,NA
3289,D69-7,0.0656,NA
3290,D69-8,0.3029,NA
3291,D69-9,0.0395,NA
3292,D69-10,0.307,NA
3293,D69-11,0.023,NA
3294,D69-12,0.3009,NA
3295,D70-1,0.0175,NA
3296,D70-2,0.0981,NA
3297,D70-3,0.0048,NA
3298,D70-4,0.0188,NA
3299,D70-5,0.0143,NA
3300,D70-6,0.0183,NA
3301,D70-7,0.0266,NA
3302,D70-8,0.0341,NA
3303,D70-9,0.0106,NA
3304,D70-10,0.0854,NA
3305,D70-11,0.0216,NA
3306,D70-12,0.0108,NA
3307,D71-1,0.0721,NA
3308,D71-2,0.0176,NA
3309,D71-3,0.2587,NA
3310,D71-4,0.21,NA
3311,D71-5,0.0874,NA
3312,D71-6,0.0364,NA
3313,D71-7,0.1697,NA
3314,D71-8,0.0936,NA
3315,D71-9,0.0699,NA
3316,D71-10,0.0243,NA
3317,D71-11,0.071,NA
3318,D71-12,0.0153,NA
3319,D72-1,0.0992,NA
3320,D72-2,0.0372,NA
3321,D72-3,0.0902,NA
3322,D72-4,0.6307,NA
3323,D72-5,0.0529,NA
3324,D72-6,0.0341,NA
3325,D72-7,0.1018,NA
3326,D72-8,0.0796,NA
3327,D72-9,0.109,NA
3328,D72-10,0.3922,NA
3329,D72-11,0.0464,NA
3330,D72-12,0.02,NA
3331,D73-1,0.0525,NA
3332,D73-2,0.1051,NA
3333,D73-3,0.0978,NA
3334,D74-1,0.2676,NA
3335,D74-2,0.2692,NA
3336,D74-3,0.3125,NA
3337,D75-1,0.3977,NA
3338,D75-2,0.5726,NA
3339,D75-3,0.7152,NA
3340,D76-1,0.0377,NA
3341,D76-2,0.0687,NA
3342,D76-3,0.0563,NA
3343,D76-4,0.023,NA
3344,D76-5,0.0428,NA
3345,D76-6,0.0688,NA
3346,D77-1,0.2639,NA
3347,D77-2,0.169,NA
3348,D77-3,0.1727,NA
3349,D77-4,0.2204,NA
3350,D77-5,0.0526,NA
3351,D77-6,0.1335,NA
3352,D78-1,0.267,NA
3353,D78-2,0.2915,NA
3354,D78-3,0.3071,NA
3355,D78-4,0.3865,NA
3356,D78-5,0.358,NA
3357,D78-6,0.2906,NA
3358,D79-1,0.0342,NA
3359,D79-2,0.0383,NA
3360,D79-3,0.0356,NA
3361,D79-4,0.0369,NA
3362,D79-5,0.025,NA
3363,D79-6,0.0535,NA
3364,D79-7,0.0233,NA
3365,D79-8,0.0503,NA
3366,D79-9,0.0615,NA
3367,D80-1,0.1394,NA
3368,D80-2,0.0954,NA
3369,D80-3,0.0871,NA
3370,D80-4,0.1729,NA
3371,D80-5,0.0969,NA
3372,D80-6,0.0804,NA
3373,D80-7,0.0668,NA
3374,D80-8,0.1251,NA
3375,D80-9,0.1399,NA
3376,D81-1,0.2033,NA
3377,D81-2,0.3655,NA
3378,D81-3,0.3805,NA
3379,D81-4,0.335,NA
3380,D81-5,0.3375,NA
3381,D81-6,0.2,NA
3382,D81-7,0.1446,NA
3383,D81-8,0.3433,NA
3384,D81-9,0.4885,NA
3385,D82-1,0.0182,NA
3386,D82-2,0.0308,NA
3387,D82-3,0.0251,NA
3388,D82-4,0.0175,NA
3389,D82-5,0.0198,NA
3390,D82-6,0.0267,NA
3391,D82-7,0.0036,NA
3392,D82-8,0.0183,NA
3393,D82-9,0.0182,NA
3394,D82-10,0.019,NA
3395,D82-11,0.0122,NA
3396,D82-12,0.0227,NA
3397,D83-1,0.0925,NA
3398,D83-2,0.0488,NA
3399,D83-3,0.1258,NA
3400,D83-4,0.067,NA
3401,D83-5,0.1005,NA
3402,D83-6,0.0811,NA
3403,D83-7,0.0817,NA
3404,D83-8,0.0807,NA
3405,D83-9,0.1035,NA
3406,D83-10,0.1658,NA
3407,D83-11,0.1179,NA
3408,D83-12,0.1155,NA
3409,D84-1,0.1443,NA
3410,D84-2,0.0721,NA
3411,D84-3,0.2739,NA
3412,D84-4,0.2015,NA
3413,D84-5,0.1279,NA
3414,D84-6,0.1044,NA
3415,D84-7,0.2072,NA
3416,D84-8,0.1633,NA
3417,D84-9,0.2752,NA
3418,D84-10,0.1618,NA
3419,D84-11,0.218,NA
3420,D84-12,0.2482,NA
3421,D85-1,0.0333,NA
3422,D85-2,0.0208,NA
3423,D85-3,0.0315,NA
3424,D85-4,0.0762,NA
3425,D85-5,0.0095,NA
3426,D85-6,0.0581,NA
3427,D86-1,0.0532,NA
3428,D86-2,0.0583,NA
3429,D86-3,0.2628,NA
3430,D86-4,0.0449,NA
3431,D86-5,0.1238,NA
3432,D86-6,0.0982,NA
3433,D87-1,0.0982,NA
3434,D87-2,0.168,NA
3435,D87-3,0.2917,NA
3436,D87-4,0.1694,NA
3437,D87-5,0.238,NA
3438,D87-6,0.5084,NA
3439,D88-1,0.0146,NA
3440,D88-2,0.0328,NA
3441,D88-3,0.041,NA
3442,D88-4,0.014,NA
3443,D88-5,0.0733,NA
3444,D88-6,0.0246,NA
3445,D88-7,0.0394,NA
3446,D88-8,0.0474,NA
3447,D88-9,0.0344,NA
3448,D89-1,0.1036,NA
3449,D89-2,0.0784,NA
3450,D89-3,0.0767,NA
3451,D89-4,0.0658,NA
3452,D89-5,0.0641,NA
3602,D89-10,0.1673,NA
3453,D89-6,0.3205,NA
3454,D89-7,0.035,NA
3455,D89-8,0.0975,NA
3456,D89-9,0.0548,NA
3457,D90-1,0.3471,NA
3458,D90-2,0.3919,NA
3459,D90-3,0.084,NA
3460,D90-4,0.097,NA
3461,D90-5,0.1347,NA
3462,D90-6,0.567,NA
3463,D90-7,0.1801,NA
3464,D90-8,0.1866,NA
3465,D90-9,0.2296,NA
3466,D91-1,0.0253,NA
3467,D91-2,0.0207,NA
3468,D91-3,0.0202,NA
3469,D91-4,0.0127,NA
3470,D91-5,0.047,NA
3471,D91-6,0.0144,NA
3472,D91-7,0.0166,NA
3473,D91-8,0.0106,NA
3474,D91-9,0.0176,NA
3475,D91-10,0.0188,NA
3476,D91-11,0.0333,NA
3477,D91-12,0.0549,NA
3478,D92-1,0.0445,NA
3479,D92-2,0.1534,NA
3480,D92-3,0.0494,NA
3481,D92-4,0.1005,NA
3482,D92-5,0.0997,NA
3483,D92-6,0.0752,NA
3484,D92-7,0.0497,NA
3485,D92-8,0.1416,NA
3486,D92-9,0.0322,NA
3487,D92-10,0.1848,NA
3489,D92-12,0.0727,NA
3490,D93-1,0.1244,NA
3491,D93-2,0.0933,NA
3492,D93-3,0.1145,NA
3493,D93-4,0.1362,NA
3494,D93-5,0.1175,NA
3495,D93-6,0.1239,NA
3496,D93-7,0.0777,NA
3497,D93-8,0.4273,NA
3498,D93-9,0.1122,NA
3499,D93-10,0.1358,NA
3500,D93-11,0.3587,NA
3501,D93-12,0.0767,NA
3502,D94-1,0.0242,NA
3503,D94-2,0.0464,NA
3504,D94-3,0.0176,NA
3505,D94-4,0.043,NA
3506,D94-5,0.0117,NA
3507,D94-6,0.0499,NA
3508,D94-7,0.065,NA
3509,D94-8,0.0156,NA
3510,D94-9,0.0226,NA
3511,D95-1,0.0324,NA
3512,D95-2,0.0949,NA
3513,D95-3,0.0553,NA
3514,D95-4,0.0904,NA
3515,D95-5,0.0901,NA
3516,D95-6,0.0111,NA
3517,D95-7,0.1485,NA
3518,D95-8,0.1301,NA
3519,D95-9,0.1586,NA
3520,D96-1,0.4895,NA
3521,D96-2,0.1009,NA
3522,D96-3,0.12,NA
3523,D96-4,0.0942,NA
3524,D96-5,0.1592,NA
3525,D96-6,0.0544,NA
3526,D96-7,0.2077,NA
3527,D96-8,0.3771,NA
3528,D96-9,0.2447,NA
3529,D97-1,0.0184,NA
3530,D97-2,0.0244,NA
3531,D97-3,0.016,NA
3532,D97-4,0.0275,NA
3533,D97-5,0.0194,NA
3534,D97-6,0.0269,NA
3535,D97-7,0.0146,NA
3536,D97-8,0.0377,NA
3537,D97-9,0.0282,NA
3538,D97-10,0.0213,NA
3539,D97-11,0.026,NA
3541,D98-1,0.0861,NA
3542,D98-2,0.0503,NA
3543,D98-3,0.0521,NA
3544,D98-4,0.0941,NA
3545,D98-5,0.082,NA
3546,D98-6,0.0757,NA
3547,D98-7,0.0242,NA
3548,D98-8,0.05,NA
3549,D98-9,0.2219,NA
3550,D98-10,0.0814,NA
3551,D98-11,0.0624,NA
3552,D98-12,0.0955,NA
3553,D99-1,0.029,NA
3554,D99-2,0.1198,NA
3555,D99-3,0.0735,NA
3556,D99-4,0.1291,NA
3557,D99-5,0.1317,NA
3558,D99-6,0.0866,NA
3559,D99-7,0.1744,NA
3560,D99-8,0.082,NA
3561,D99-9,0.143,NA
3562,D99-10,0.1765,NA
3563,D99-11,0.0928,NA
3564,D99-12,0.41,NA
3565,D100-1,0.0225,NA
3566,D100-2,0.0168,NA
3567,D100-3,0.0137,NA
3568,D100-4,0.0185,NA
3569,D100-5,0.0174,NA
3570,D100-6,0.031,NA
3571,D100-7,0.0335,NA
3572,D100-8,0.0115,NA
3573,D100-9,0.0184,NA
3574,D100-10,0.0168,NA
3575,D100-11,0.0503,NA
3576,D100-12,0.0112,NA
3577,D101-1,0.0363,NA
3578,D101-2,0.0699,NA
3579,D101-3,0.0808,NA
3580,D101-4,0.0349,NA
3581,D101-5,0.0999,NA
3582,D101-6,0.0641,NA
3583,D101-7,0.0942,NA
3584,D101-8,0.0324,NA
3585,D101-9,0.1865,NA
3586,D101-10,0.0823,NA
3587,D101-11,0.0761,NA
3588,D101-12,0.0252,NA
3590,D102-2,0.3486,NA
3593,D102-5,0.0551,NA
3594,D102-6,0.0571,NA
3595,D102-7,0.0663,NA
3596,D102-8,0.1605,NA
3597,D102-9,0.2385,NA
3598,D102-10,0.175,NA
3599,D102-11,0.2229,NA
3600,D102-12,0.3514,NA
